,block_vtda,total,nh_black,weighted_blk_sl_dist
0,28131000101,259,7,5738.740945517342
1,28131000102,177,1,3919.0094050115918
2,28131000103,673,87,14917.791707516386
3,28131000201,1292,554,28645.429890676307
4,28131000203,1688,949,37457.19901400112
5,28131000301,1349,263,29916.12427792882
6,28131000302,762,13,16893.848099253442
7,28131000303,1015,20,22425.172176328877
8,28131000304,822,23,18216.7954413851
9,28131000401,2293,73,50965.26071198503
10,28131000402,1117,199,24751.80551357729
11,28131000403,1447,126,32060.317572211552
12,28131000501,1485,178,32858.10486076177
13,28131000502,1289,63,28561.307525643082
14,28131000503,431,49,9673.075873631356
15,28133000101,1348,635,73962.52504350553
16,28133000102,1154,1122,63020.00603353927
17,28133000103,2303,1686,121223.16413562557
18,28133000201,1525,1130,83387.05334686812
19,28133000202,3057,2970,167476.86254455772
20,28133000301,1090,894,54812.966408949
21,28133000302,1189,685,64538.1401148958
22,28133000303,2347,1434,127784.729199392
23,28133000304,1036,609,55841.33888395791
24,28133000401,1968,1792,86409.22692103498
25,28133000402,369,259,17741.479252202716
26,28133000403,631,288,31826.614354457583
27,28133000404,174,33,9187.75638020709
28,28133000501,3343,1746,147334.43811974482
29,28133000502,348,41,15646.268248461132
30,28133000503,2723,2114,122551.53318763299
31,28133000504,1366,639,60309.25049570902
32,28135000101,566,119,23045.51964648038
33,28135000102,597,148,23579.00760334284
34,28135000103,241,47,9714.766863888837
35,28135000104,1378,940,57732.613175574035
36,28135000201,1417,972,59524.776570349764
37,28135000202,147,77,6336.945885253055
38,28135000203,162,142,7035.887071624267
39,28135000204,275,61,11929.610246923645
40,28135000301,753,470,31439.299505950017
41,28135000302,702,347,29868.7370226399
42,28135000303,296,91,12881.573196891422
43,28135000304,344,66,14851.874534258808
44,28135000305,352,92,14720.742485976227
45,28135000306,231,13,9959.774364463447
46,28135000307,85,66,3648.5094005085543
47,28135000401,393,280,17024.832832492273
48,28135000402,286,174,12825.125898303953
49,28135000403,791,712,34762.07611241421
50,28135000404,286,199,12439.271478887733
51,28135000501,537,501,23357.748644414885
52,28135000502,289,207,12550.145608239907
53,28135000503,2587,1666,112166.27431714076
54,28137000101,4123,1135,146494.72360662787
55,28137000102,420,31,15618.92618300248
56,28137000103,641,26,23265.810418123216
57,28137000104,1166,119,42903.234203004584
58,28137000105,874,41,32034.77308573633
59,28137000201,2989,995,106067.36669589828
60,28137000202,2509,1319,87081.53830802786
61,28137000203,1450,365,52239.443568397925
62,28137000204,394,73,14482.896494802679
63,28137000302,1379,180,47131.59117687355
64,28137000303,666,19,21624.058926257003
65,28137000304,304,164,10804.859277105597
66,28137000305,2206,1503,78008.90920463734
67,28137000401,1969,411,69049.27429121423
68,28137000402,1507,552,51660.449270087905
69,28137000403,500,247,16186.199164796211
70,28137000502,610,128,19757.58774746719
71,28137000503,397,137,12511.266164738981
72,28137000504,3404,625,108463.94036957025
73,28137000505,556,161,18408.660268649306
74,28139000101,538,24,15303.559178808779
75,28139000102,290,12,8134.969910099486
76,28139000103,1122,167,31504.717717259493
77,28139000104,1230,25,34254.388115255955
78,28139000105,604,206,17033.34386391117
79,28139000106,391,72,10958.298034199095
80,28139000201,1347,88,38063.16975122581
81,28139000202,2690,569,75437.01138229022
82,28139000301,2015,469,56923.87287148173
83,28139000302,575,253,15954.613026961497
84,28139000303,486,27,13468.064108835728
85,28139000304,268,5,7321.412061584168
86,28139000305,845,88,23918.149235129367
87,28139000306,244,6,6918.3166292010055
88,28139000401,427,29,11610.367994672906
89,28139000402,408,0,11024.802605224977
90,28139000403,986,15,26639.359508013982
91,28139000404,621,0,16925.234338881786
92,28139000405,2321,602,64767.98983466215
93,28139000501,673,20,18277.43064334249
94,28139000503,436,24,11914.473372436083
95,28139000506,252,18,6955.612011286774
96,28139000507,513,49,14250.223295961687
97,28139000508,2533,679,70417.63021020191
98,28141000101,187,0,5234.613104974736
99,28141000103,3842,97,105511.38478158695
100,28141000201,1052,6,29399.20527563603
101,28141000202,1190,10,33270.213540302524
102,28141000204,1722,0,47539.76404942692
103,28141000301,2778,103,76060.36778868001
104,28141000302,924,22,25314.466378955945
105,28141000401,532,7,14664.655969336258
106,28141000403,2112,163,58501.5141513722
107,28141000404,467,3,13113.182391747096
108,28141000405,651,7,18326.58633239525
109,28141000501,441,5,12332.19723313963
110,28141000502,1889,4,53252.70898091898
111,28141000504,1063,6,30266.896013237703
112,28143000001,990,771,36177.59570999653
113,28143000002,441,405,16351.4524549825
114,28143000003,583,506,21841.050988781193
115,28143000004,939,866,36564.68901435376
116,28143000005,152,21,5947.632476849056
117,28143000007,966,531,37704.375530976096
118,28143000009,861,645,33629.45748667976
119,28143000010,206,142,8180.235560860391
120,28143000011,809,676,31528.28471174318
121,28143000012,723,518,28771.868403438155
122,28143000013,1946,1562,70416.63083114491
123,28143000014,1166,873,45447.54179703525
124,28145000101,719,9,20215.965069847345
125,28145000102,600,12,16934.98035232339
126,28145000103,2497,345,69616.93631399279
127,28145000105,1646,384,45554.70370578361
128,28145000201,956,17,26725.357469278464
129,28145000202,1304,26,36249.68198224812
130,28145000205,1938,409,53539.100892030205
131,28145000206,1838,202,50304.450018795826
132,28145000301,872,85,23376.278811108867
133,28145000302,1985,567,54659.30326532927
134,28145000304,1524,158,41969.27611294215
135,28145000306,1502,200,40426.92379111916
136,28145000401,1122,92,31157.324490812036
137,28145000402,1635,654,45043.053182039446
138,28145000404,770,12,20750.750074195337
139,28145000407,1894,218,52339.86473312171
140,28145000503,2583,500,71128.23539186816
141,28145000504,1008,33,27430.187558069712
142,28145000505,578,13,15642.503031863886
143,28145000508,806,14,22026.834030491187
144,28147000101,457,104,14567.757254370345
145,28147000102,753,441,22751.771493653814
146,28147000103,1067,219,34127.843312016266
147,28147000104,447,152,13458.77179511531
148,28147000201,133,19,4389.709332689255
149,28147000202,722,398,22820.010860626004
150,28147000203,111,5,3461.1498903716442
151,28147000204,1380,1123,41595.16189460652
152,28147000205,178,60,5293.624273983797
153,28147000301,734,156,20565.86941978874
154,28147000302,1180,344,34382.38426981127
155,28147000303,759,199,23217.9919257378
156,28147000304,23,1,705.0171334324771
157,28147000401,374,131,13780.389757716062
158,28147000402,246,54,8538.840564110138
159,28147000403,915,160,31796.175426483995
160,28147000404,576,49,18605.601570899882
161,28147000405,760,147,29208.79566878803
162,28147000406,279,101,8740.384981046185
163,28147000501,416,57,16142.298115093907
164,28147000502,1574,1156,57913.85819224128
165,28147000503,415,347,15494.566071682193
166,28147000504,385,283,13409.246117932858
167,28149000102,3584,986,170938.2746908941
168,28149000103,4183,1026,201060.51724609872
169,28149000104,542,58,26857.054098299795
170,28149000143,1365,134,66049.56782264364
171,28149000201,521,447,24952.881488489453
172,28149000202,1925,1081,93791.83597993554
173,28149000203,2740,2007,131260.23764921934
174,28149000204,261,56,13168.697800819573
175,28149000205,2077,1750,99621.59395541882
176,28149000206,412,41,21091.295512718498
177,28149000301,4156,2957,198044.28795992784
178,28149000302,2682,1941,127979.9681595645
179,28149000303,1865,1276,88511.35725589217
180,28149000401,2561,1534,120729.36317384308
181,28149000402,2546,1307,120418.6842090276
182,28149000403,2069,630,96980.11272715539
183,28149000404,1360,544,63988.898637723185
184,28149000501,2152,945,102255.34081296447
185,28149000502,2531,490,120023.01502852276
186,28149000503,1013,378,47781.938169011446
187,28149000504,1775,387,83257.83945547388
188,28149000505,1544,820,72716.94614742571
189,28149000555,858,495,40696.320398872725
190,28151000102,2510,1938,141281.54242786425
191,28151000103,2441,245,136290.70121027823
192,28151000104,725,282,39149.64553465729
193,28151000105,3839,1882,215945.03566086607
194,28151000201,4221,2698,237201.57898237524
195,28151000202,4397,3641,247275.55571267946
196,28151000204,1031,515,57301.34888086643
197,28151000301,1243,806,69948.19058227124
198,28151000302,1485,1408,83694.78040620298
199,28151000303,2053,1812,115664.27226987363
200,28151000304,2834,2216,159822.85938563384
201,28151000305,817,773,46002.33871188327
202,28151000401,3942,3574,221610.7552332036
203,28151000402,2489,1589,138699.12325957455
204,28151000403,2388,1466,133312.5196317641
205,28151000501,2580,2178,142202.70823716972
206,28151000502,238,71,13148.223955610742
207,28151000504,2621,1960,147168.68383601913
208,28151000505,3068,2865,172626.73885598357
209,28153000101,908,501,25760.05760796479
210,28153000102,1026,908,28899.409957577926
211,28153000103,515,72,14579.53121328731
212,28153000105,1241,564,34464.85333140073
213,28153000201,1816,1144,51343.32961189322
214,28153000202,254,115,7357.060292761166
215,28153000203,1143,745,32483.87023892407
216,28153000204,802,169,22997.44759556052
217,28153000301,1675,540,47285.591819341425
218,28153000302,1010,299,29378.550806919706
219,28153000303,465,263,13639.353180737982
220,28153000304,538,464,15551.742254431821
221,28153000305,252,52,7576.471063704323
222,28153000401,830,640,23392.44819707442
223,28153000402,653,169,18441.887097906136
224,28153000403,1292,175,37367.738104246004
225,28153000404,843,264,24796.987642288772
226,28153000405,433,94,12947.762699514804
227,28153000501,748,484,21065.71550519061
228,28153000502,2420,30,67343.27675027026
229,28153000503,517,6,14137.810659211284
230,28153000505,398,10,11163.973394610644
231,28155000101,209,73,8141.413562887168
232,28155000102,1528,746,57456.195621855426
233,28155000201,200,25,7809.546989278908
234,28155000202,620,48,23202.680363086754
235,28155000204,669,87,24838.690388425373
236,28155000205,453,24,16820.452311545916
237,28155000301,182,1,7573.076969994978
238,28155000302,663,181,24926.962860018364
239,28155000303,575,35,22982.327964313285
240,28155000304,452,64,17473.702377948804
241,28155000401,356,9,12838.466835990814
242,28155000402,999,114,35507.05226674419
243,28155000403,910,268,31988.415944285673
244,28155000501,453,10,16327.46155065418
245,28155000502,501,0,17759.201985322154
246,28155000503,568,56,19774.45636036062
247,28155000504,588,41,20557.46938652455
248,28157000101,669,400,30165.18839059272
249,28157000102,847,662,37499.75403784246
250,28157000201,907,711,41400.79415766221
251,28157000202,709,492,32811.212401412755
252,28157000301,1480,930,66020.63492409368
253,28157000401,1051,867,48078.407864647226
254,28157000402,383,186,18011.72812528632
255,28157000501,1514,978,69438.04327916028
256,28157000502,740,296,34575.14725474129
257,28157000503,287,242,13072.246612286359
258,28159000102,3767,1596,145478.0424317368
259,28159000104,538,110,20758.525632030967
260,28159000201,1047,256,40508.19432279581
261,28159000203,2095,304,79356.14983983009
262,28159000204,615,258,23620.726867560283
263,28159000301,1666,1406,64135.65540048077
264,28159000303,1771,562,68473.3404579001
265,28159000401,880,750,34371.166360419156
266,28159000402,1967,1650,75739.16710858897
267,28159000405,635,203,25246.152027062417
268,28159000502,1540,550,59842.260535566704
269,28159000504,1193,433,47461.71716683879
270,28161000101,841,324,30946.588932535455
271,28161000102,2170,663,77474.87796143634
272,28161000201,1367,618,48407.62867018466
273,28161000202,881,567,31174.49613873391
274,28161000301,999,147,36763.25494232738
275,28161000302,1668,361,59047.36776111947
276,28161000401,1478,608,58242.62106732398
277,28161000402,715,567,27179.66968228535
278,28161000502,293,82,11058.18518799038
279,28161000503,1237,483,47404.048747183144
280,28161000504,353,102,14250.404987960308
281,28161000505,479,93,19361.806905443824
282,28163000101,766,123,38812.35630415427
283,28163000102,580,106,28446.24916327389
284,28163000103,508,131,25049.746982622044
285,28163000104,640,314,31148.43575656836
286,28163000105,716,48,35571.8380174592
287,28163000107,726,77,36158.03598942952
288,28163000108,113,28,5773.380867775852
289,28163000109,117,20,5980.654565022109
290,28163000110,818,454,40002.232588690196
291,28163000111,479,67,24259.907590002782
292,28163000201,1030,305,50404.7499724885
293,28163000202,740,428,35475.01604474698
294,28163000203,532,416,25280.362933036715
295,28163000204,1224,751,62474.382146147254
296,28163000205,570,168,28785.9514421442
297,28163000301,1248,1190,63643.56525479854
298,28163000302,1355,1136,69098.30367954419
299,28163000303,762,730,38862.911386630796
300,28163000304,1184,668,60355.29995014649
301,28163000401,432,323,20933.014917779947
302,28163000402,535,153,27514.446383048667
303,28163000403,248,29,12576.293298136743
304,28163000404,308,54,15143.821592199423
305,28163000405,7148,4756,366082.4627131451
306,28163000406,105,17,5364.363465982413
307,28163000501,64,44,3316.7509341773457
308,28163000503,57,19,2948.887843424426
309,28163000504,235,97,12223.509317757525
310,28163000505,227,73,11712.948216266721
311,28163000506,3276,3087,167229.062380572
312,28001000101,1157,227,54218.636351946625
313,28001000102,1679,1146,78964.42431624026
314,28001000103,3082,1048,145092.2046929696
315,28001000201,1393,436,65507.306281381636
316,28001000202,1971,979,92530.23877188317
317,28001000203,1636,643,77174.06563146181
318,28001000204,1196,174,56377.891577997936
319,28001000301,1084,978,50788.588538989985
320,28001000302,847,555,39732.95499216551
321,28001000303,1402,1281,65697.67841342255
322,28001000304,1958,978,92206.07377072072
323,28001000401,2268,2099,106200.79696435248
324,28001000403,887,723,41383.683310819724
325,28001000404,907,567,42486.80177987431
326,28001000405,967,752,45278.60434634971
327,28001000501,1553,1432,72632.5065457842
328,28001000502,1110,728,51770.149897675656
329,28001000503,2286,1279,107124.86015248466
330,28001000504,2145,681,100697.6549320011
331,28003000016,1825,131,50195.648438439755
332,28003000101,3332,96,92139.25087196077
333,28003000102,2026,206,55559.588363273666
334,28003000103,1743,132,47747.50894890354
335,28003000201,3018,129,84155.79553975363
336,28003000202,2004,23,56328.09098774998
337,28003000203,574,0,16020.899695688375
338,28003000204,1229,353,33773.5194243721
339,28003000301,2662,1098,73211.32057241726
340,28003000302,1403,132,38601.13209217573
341,28003000303,1990,165,55444.14317944521
342,28003000401,3320,979,90860.78881390189
343,28003000402,2805,35,76630.99835247415
344,28003000501,1711,214,46822.09960016313
345,28003000502,1957,15,54073.58769870747
346,28003000503,195,16,5317.152451231865
347,28003000504,2946,592,80779.0972984491
348,28005000024,363,47,15961.045214279839
349,28005000101,530,229,23987.739587213557
350,28005000102,942,215,41670.39990229397
351,28005000103,672,113,30633.50994502001
352,28005000104,687,116,31382.393922379182
353,28005000201,537,413,23927.163190571653
354,28005000202,585,371,25746.975687726266
355,28005000203,645,226,28432.909992343764
356,28005000205,538,275,23369.37373555237
357,28005000301,266,131,12393.993038255892
358,28005000302,1023,728,46337.023310129574
359,28005000303,190,43,8833.668461486468
360,28005000304,410,27,18811.279274292963
361,28005000401,749,176,32451.0436738804
362,28005000402,508,152,22371.365380822277
363,28005000403,728,234,32480.992741295366
364,28005000404,821,136,36454.11354883328
365,28005000501,593,268,23558.41174936156
366,28005000502,600,385,26095.010235729158
367,28005000503,405,214,17051.43826847042
368,28005000504,928,336,36903.7798655477
369,28007000101,1717,807,74516.49978065758
370,28007000102,1902,595,81983.51947456558
371,28007000201,420,128,17375.042435475727
372,28007000202,475,112,20075.70140240175
373,28007000203,207,33,8643.148511233694
374,28007000204,2571,1892,110671.25691350237
375,28007000301,423,3,18352.892426548828
376,28007000302,487,52,21174.913303978887
377,28007000303,308,84,13683.670585256841
378,28007000304,495,76,21234.457602801038
379,28007000305,1319,531,57197.79351554401
380,28007000306,569,283,24858.962245144514
381,28007000401,539,297,23979.4586513512
382,28007000402,550,248,25280.87862920029
383,28007000403,1309,865,60208.86693395703
384,28007000404,1136,801,49641.21635592452
385,28007000501,247,29,10342.810365300686
386,28007000502,477,98,19896.087496128963
387,28007000503,473,47,20021.94760622422
388,28007000504,1631,459,70265.76657815957
389,28007000505,634,202,26812.186181784615
390,28009000101,1506,945,43695.2462633608
391,28009000102,1512,778,43042.918874737676
392,28009000103,1613,527,45914.15111452364
393,28009000104,1400,178,39784.16556174436
394,28009000105,1615,226,45637.100140303126
395,28011000101,549,330,24642.669069162625
396,28011000102,399,311,18257.264561709268
397,28011000103,1120,622,50734.69233913234
398,28011000104,592,407,30086.360645906945
399,28011000105,212,99,11692.534660038222
400,28011000106,87,24,4765.282930511507
401,28011000107,1268,1125,57983.43250697546
402,28011000108,461,414,20750.929208109683
403,28011000109,291,238,13344.249365599198
404,28011000110,162,37,8176.085570879071
405,28011000201,637,619,28461.172661539396
406,28011000202,1859,226,82928.44632968388
407,28011000203,1817,320,81469.21597727964
408,28011000204,3302,489,147955.34222605257
409,28011000301,515,339,22515.732633866934
410,28011000302,2161,2006,97007.89962463552
411,28011000303,2126,1935,95739.02025086319
412,28011000401,590,260,26477.227382123685
413,28011000402,2678,2160,119121.47609541687
414,28011000403,1600,1249,71095.66519603731
415,28011000404,453,387,20119.438479213495
416,28011000405,1484,1414,66005.79096327501
417,28011000406,682,121,30418.303245662428
418,28011000501,1675,699,76703.39737769848
419,28011000502,476,56,22445.941048427736
420,28011000503,1840,1544,94223.28171664986
421,28011000504,311,247,16591.27209853758
422,28011000505,1638,1579,73441.9370247811
423,28013000001,838,32,26325.560533953867
424,28013000002,1895,350,63527.63984585917
425,28013000003,1476,230,48221.552188217815
426,28013000004,1025,662,35566.83365990257
427,28013000005,1451,741,52325.61860532805
428,28013000006,1153,213,39112.36146054261
429,28013000007,1842,357,63547.382978212605
430,28013000008,771,138,27187.90032443818
431,28013000009,2093,570,76531.74751719671
432,28013000010,722,151,26134.829770950488
433,28015000101,1378,78,61842.36928853327
434,28015000102,273,34,12580.513666529938
435,28015000103,352,21,16254.162307909588
436,28015000104,640,94,28790.639429978975
437,28015000105,628,199,28295.111896075596
438,28015000106,839,211,37598.33947485815
439,28015000107,685,48,31276.91827021184
440,28015000108,1118,658,50809.449887925126
441,28015000109,839,63,40390.21125851564
442,28015000110,498,159,24582.1177217207
443,28015000111,448,253,21322.905756204575
444,28015000112,312,201,14167.268197083267
445,28015000113,992,480,43241.879544531555
446,28015000114,996,531,43295.79644548042
447,28017000101,1363,359,42046.21279462242
448,28017000102,683,399,20681.420137900812
449,28017000103,685,218,21407.592027736704
450,28017000104,868,413,26223.043300729652
451,28017000105,1467,890,44529.831008897556
452,28017000106,1456,1230,44178.9747107818
453,28017000107,641,343,19674.653955286525
454,28017000108,860,606,26872.62678792129
455,28017000109,2835,627,92745.343733928
456,28017000111,2270,1443,74112.80506938788
457,28017000112,1225,142,40549.24955351867
458,28017000113,1186,208,39808.609447459625
459,28017000114,630,138,20822.993974090474
460,28017000115,425,128,14399.368107343142
461,28017000116,512,263,17783.675138358063
462,28019000001,449,167,18174.425348326982
463,28019000002,506,352,20498.741103961227
464,28019000003,1856,418,73380.87132325124
465,28019000004,608,475,24241.6051103191
466,28019000005,698,195,28237.20575625646
467,28019000006,540,224,21825.94043065577
468,28019000007,659,110,26467.189860849197
469,28019000008,466,14,18908.004959976126
470,28019000009,485,160,19546.78986833189
471,28019000010,401,57,15396.901749910781
472,28019000011,395,31,14723.569810009456
473,28019000012,664,21,23731.271459854102
474,28019000013,519,108,19164.61524811272
475,28021000101,1432,1252,66613.1187499069
476,28021000102,11,11,512.6792639389237
477,28021000103,1248,1228,58135.10210847001
478,28021000201,1049,871,49295.87799237556
479,28021000301,1480,1176,69398.81250108295
480,28021000302,135,82,6348.309394448432
481,28021000401,187,55,8729.027575741298
482,28021000402,1618,1473,75150.8407217358
483,28021000501,1157,1111,53463.34131543261
484,28021000502,818,700,37758.05559704266
485,28023000101,1345,745,42665.69473925324
486,28023000102,486,235,15281.903924023967
487,28023000103,264,90,8297.266680859679
488,28023000104,719,498,23402.7970460922
489,28023000105,126,91,3893.3240624027344
490,28023000202,490,312,15462.800556368302
491,28023000204,491,404,15289.255106768673
492,28023000205,849,663,25652.515944461717
493,28023000206,416,235,12650.448751093381
494,28023000301,2321,374,77937.47112125209
495,28023000303,926,206,30505.620623306422
496,28023000304,594,222,18395.9025713105
497,28023000305,337,52,10786.244181497974
498,28023000401,1128,36,37713.88704978203
499,28023000402,341,19,11212.475983988157
500,28023000403,336,10,11524.589409468981
501,28023000404,275,120,8816.094840145399
502,28023000405,787,211,25065.541509600414
503,28023000406,333,28,10899.777146678893
504,28023000501,214,22,6750.886586538318
505,28023000502,215,119,6736.788298306759
506,28023000503,2151,278,68019.7555330732
507,28023000504,471,133,14705.49302878011
508,28025000101,901,480,27326.41057499631
509,28025000102,2450,1498,76281.53988943991
510,28025000201,980,451,30914.987383298852
511,28025000202,461,258,14922.64586390086
512,28025000203,2352,865,74885.2608953932
513,28025000301,1411,580,45677.2809236409
514,28025000302,2036,1151,64863.034713007335
515,28025000303,547,222,18224.401600523575
516,28025000401,1232,990,39026.70964541316
517,28025000403,2561,1924,80832.06903248408
518,28025000501,2079,1481,66422.20372025642
519,28025000502,259,27,8533.55319707912
520,28025000503,764,383,25912.307967557128
521,28025000504,603,475,20678.585629500303
522,28027000001,477,212,19337.111721502533
523,28027000002,331,309,13534.977081318331
524,28027000003,1372,1091,58027.232028912804
525,28027000004,1178,1141,48331.06385473237
526,28027000005,1632,637,69922.56231043764
527,28027000006,322,227,13851.215954631993
528,28027000008,3506,2413,151149.3687454122
529,28027000009,889,765,38285.36388241841
530,28027000010,262,41,11377.583252726763
531,28027000011,3226,2745,139156.86730539237
532,28027000012,352,142,15234.244151388151
533,28027000013,138,47,6004.397926878778
534,28027000014,3373,3175,145388.39949069996
535,28027000015,392,149,16936.315165806827
536,28027000016,166,34,7207.72737995204
537,28027000017,1599,1533,68901.295719138
538,28027000018,1739,1245,74962.68671432568
539,28027000019,436,303,18787.31085691613
540,28029000101,3027,1572,135848.08938825649
541,28029000103,503,272,22061.252403020393
542,28029000104,2162,1896,96332.92108279814
543,28029000201,724,259,30899.95120016782
544,28029000202,818,34,35863.948092337545
545,28029000203,1817,372,82240.57588297676
546,28029000204,1146,215,51455.00543030145
547,28029000205,748,170,33147.204792947705
548,28029000206,579,331,25807.661035392866
549,28029000301,1046,517,47042.30953836096
550,28029000302,1488,507,68766.72794777185
551,28029000303,2188,1551,97646.43401332312
552,28029000304,394,314,17559.329047535437
553,28029000401,693,581,32122.798291396266
554,28029000402,368,111,16885.048039625413
555,28029000403,3538,2333,159083.79209816048
556,28029000404,872,594,39220.98406395124
557,28029000501,4479,1835,200701.3653215041
558,28029000502,1778,800,80228.48328694668
559,28031000001,3684,410,120968.27601237243
560,28031000002,274,74,9604.03668606264
561,28031000004,1389,45,43376.96697606304
562,28031000005,1699,71,50831.71091555432
563,28031000006,817,127,27190.9712552928
564,28031000007,2938,1379,101547.06142143704
565,28031000008,518,162,18100.007219142593
566,28031000009,642,481,23575.346189108484
567,28031000010,503,176,18180.17959218721
568,28031000011,2119,1086,82110.51734318654
569,28031000012,237,45,8823.30569434287
570,28031000013,1223,749,44134.73712175838
571,28031000014,291,26,9433.702430884374
572,28031000015,1155,930,39871.396089236136
573,28031000016,851,623,28889.042925284273
574,28033000101,2489,370,77034.39047883019
575,28033000102,950,52,29615.890642620532
576,28033000103,4172,1084,127701.84539135928
577,28033000104,4504,1837,139467.04548985392
578,28033000105,6130,1217,190118.7313411195
579,28033000106,5333,2016,165196.5350702902
580,28033000107,5503,1677,169907.66456720393
581,28033000108,2203,728,68709.64683517197
582,28033000109,4327,1968,133769.80703435375
583,28033000110,3611,1316,110348.05035876343
584,28033000201,5806,2296,182747.62820172997
585,28033000202,6120,2838,196310.87021220868
586,28033000203,5868,1745,189437.18331813614
587,28033000204,7654,2261,246647.51076252025
588,28033000205,4368,1002,139547.56345688007
589,28033000206,6269,1091,201108.2312388492
590,28033000207,4140,1373,133862.60491901837
591,28033000301,2443,658,79254.93357502349
592,28033000302,5335,2443,173916.2808962524
593,28033000303,4903,2323,163406.36067742173
594,28033000304,4677,2229,153859.15788052854
595,28033000305,6031,2335,204233.55352257114
596,28033000306,1166,245,40348.23491551772
597,28033000307,5585,3115,184032.28700622468
598,28033000401,3072,1947,99325.69806600908
599,28033000402,4691,2561,153158.580002319
600,28033000403,4189,1205,137918.64709363825
601,28033000404,7597,3179,246741.4384381576
602,28033000405,2956,425,99290.9047412021
603,28033000406,2935,274,103617.2176801985
604,28033000408,3517,1671,115615.44892860134
605,28033000501,5628,1295,181539.4533803627
606,28033000502,4515,1175,146155.1259237706
607,28033000503,3956,377,127134.54720417618
608,28033000505,6804,1210,214895.8704197387
609,28033000506,7378,399,243590.31230777415
610,28033000507,6761,1138,228918.2110240509
611,28033000508,2421,186,83441.10048838975
612,28033000509,2177,83,69277.72995820425
613,28033000510,5517,520,184426.71197321563
614,28033000511,1613,108,52258.395106844866
615,28035000101,1780,259,45669.84491463395
616,28035000102,4786,2620,125187.47044836522
617,28035000103,2222,650,57413.8084569907
618,28035000104,2257,946,58695.60657975757
619,28035000107,2658,157,66417.08495564728
620,28035000108,1007,236,25850.30215630744
621,28035000109,1179,39,28142.359691378882
622,28035000110,929,173,23901.171764300685
623,28035000201,2226,966,62826.91056973886
624,28035000202,1303,251,36583.15787282398
625,28035000203,2149,1243,57687.219559557394
626,28035000204,909,595,23272.59866567534
627,28035000205,2040,1459,52285.06898251561
628,28035000206,770,649,19711.970736961583
629,28035000207,1791,625,49229.3310760956
630,28035000301,4414,391,112996.11333131604
631,28035000302,2454,268,63373.572811723476
632,28035000303,2505,219,64162.3064161641
633,28035000304,4605,357,117016.4826145244
634,28035000305,3421,512,87115.21364082635
635,28035000306,1891,473,48051.178621403786
636,28035000402,827,87,19856.65253788055
637,28035000404,5268,4468,135885.83364232306
638,28035000405,1847,1030,47354.986629484636
639,28035000406,1450,1327,37270.54016873193
640,28035000408,1873,493,47944.63625728638
641,28035000409,2498,1631,63688.25644824511
642,28035000501,1203,28,27172.098171481994
643,28035000502,1499,20,33504.53918951853
644,28035000503,413,48,9119.494998132019
645,28035000504,4261,1922,114764.9861266502
646,28035000505,2706,1900,71644.5684185569
647,28035000506,3998,1664,107067.164780112
648,28035000507,3019,445,79279.37506904479
649,28037000101,235,83,11067.169514346788
650,28037000102,752,468,35436.820222874965
651,28037000103,435,316,20482.969586044248
652,28037000201,218,20,10257.917086299967
653,28037000202,646,314,30428.086283558867
654,28037000203,768,166,36126.77052429317
655,28037000301,154,93,7225.829576782882
656,28037000302,1187,648,55734.25921850556
657,28037000401,700,93,32893.34593069145
658,28037000403,679,148,31891.834863091302
659,28037000404,255,28,11984.40658839667
660,28037000501,776,85,36092.680930417715
661,28037000502,471,39,21996.922936403327
662,28037000503,399,62,18648.709224724535
663,28039000101,2599,21,60060.06576871042
664,28039000102,846,34,19422.42184358508
665,28039000103,605,3,13800.74248565483
666,28039000104,529,21,12113.325612783627
667,28039000201,445,19,10145.83278144603
668,28039000202,1033,17,23639.711370356155
669,28039000203,1860,35,42558.448571454115
670,28039000204,1010,7,23136.433531335366
671,28039000205,913,6,20763.02556972163
672,28039000301,366,18,8364.415453802832
673,28039000302,676,14,15350.738571036953
674,28039000303,2436,298,55233.2481406164
675,28039000304,1677,81,38037.73670032416
676,28039000401,1837,171,42012.456686635436
677,28039000402,1151,161,26266.813537167644
678,28039000403,1549,12,35266.92121565294
679,28039000404,210,32,4760.618752426941
680,28039000501,1665,581,37937.95727405706
681,28039000502,643,31,14668.987519692004
682,28039000503,578,12,13175.309774379984
683,28039000504,1308,198,29532.29157300014
684,28039000505,414,2,9339.190573426891
685,28041000101,5056,1860,125102.71540312434
686,28041000201,541,246,13434.864674166194
687,28041000202,1134,580,31198.09079804584
688,28041000302,369,4,10045.015817091637
689,28041000303,748,5,20736.90347498806
690,28041000304,911,13,24076.234587025596
691,28041000402,1057,62,24940.023312429537
692,28041000403,1182,55,28040.454412910654
693,28041000501,481,17,12390.17797689986
694,28041000502,678,10,16965.995650071538
695,28041000503,183,33,4223.161345954416
696,28041000504,620,249,14951.316970623095
697,28041000505,570,9,14230.161436371789
698,28043000102,2648,1009,118037.07317925122
699,28043000103,1131,192,50161.417172301524
700,28043000104,644,151,29415.584188895325
701,28043000201,1584,830,69280.53201520475
702,28043000202,1032,123,42529.84612115759
703,28043000203,1543,331,64685.896852351834
704,28043000301,3567,2520,153936.92835689787
705,28043000304,655,441,26685.050992477187
706,28043000401,2724,2358,120167.869886257
707,28043000402,1416,241,58949.29309290389
708,28043000403,244,15,9641.251624410559
709,28043000501,3093,834,137699.45534558833
710,28043000502,1348,307,60802.658123024936
711,28045000001,1194,226,28771.24040628465
712,28045000003,4674,559,107469.58292791425
713,28045000005,961,109,21883.256037323874
714,28045000006,1892,327,43021.341214326894
715,28045000007,2663,291,60501.80621700065
716,28045000008,2036,210,46179.39323399636
717,28045000009,1347,610,30550.36863513197
718,28045000010,1119,132,25373.926820747285
719,28045000011,1681,154,38122.277463571176
720,28045000012,1283,130,29106.39442612926
721,28045000013,1098,355,25004.89121026391
722,28045000014,1803,144,41149.158456893194
723,28045000015,1172,79,26693.3117829457
724,28045000016,1127,53,25632.942197160577
725,28045000017,1159,24,26355.924680499666
726,28045000018,6579,200,148899.21550053539
727,28045000019,2994,135,67795.6719038217
728,28045000020,1659,19,37561.71622842125
729,28045000021,334,8,7630.698095841828
730,28045000022,1378,14,31093.828696663553
731,28045000023,2060,11,46543.32377727725
732,28045000024,1695,43,39273.7598958659
733,28045000026,1908,32,43017.272749775904
734,28045000027,1879,32,42998.780459892005
735,28045000028,358,14,8111.2333585215065
736,28047000101,3747,1770,83435.28240761317
737,28047000108,2024,507,44777.445139914984
738,28047000109,5213,1181,115744.43601427019
739,28047000110,5986,1486,132186.52284393777
740,28047000111,14258,2816,317417.461779445
741,28047000112,2296,268,51103.836774671014
742,28047000113,760,33,16860.606341238105
743,28047000115,3358,560,74425.54056931744
744,28047000201,3036,80,67058.51978994551
745,28047000202,4375,419,96973.04828421537
746,28047000204,6338,1915,139230.32740992194
747,28047000205,764,93,16841.75392419093
748,28047000206,1847,551,40668.976830433654
749,28047000207,2543,597,55855.563383830624
750,28047000209,3059,124,67190.12627989014
751,28047000210,10839,1537,238640.79314372723
752,28047000211,8021,1996,176744.45135474618
753,28047000212,568,52,12665.11718124825
754,28047000213,4696,899,103350.18178053552
755,28047000214,3350,436,73625.35825357637
756,28047000301,2650,604,59535.59511427885
757,28047000302,3155,892,70832.24568481765
758,28047000303,1771,367,39195.347911227735
759,28047000304,2763,528,62233.72126725997
760,28047000305,2563,126,57552.376701292655
761,28047000306,1732,43,38637.1043247525
762,28047000308,4643,394,103124.05162082751
763,28047000310,5542,552,123569.1974647773
764,28047000311,3845,292,85786.84105671813
765,28047000312,2541,193,56534.48282133173
766,28047000313,1217,94,27044.019283577236
767,28047000314,3385,152,75686.00272487079
768,28047000315,1535,29,34474.022226204404
769,28047000401,1210,796,26751.799864526845
770,28047000402,3047,1527,67201.38417095604
771,28047000404,5734,3097,126884.47225985733
772,28047000405,3517,2554,77901.49315105911
773,28047000406,1978,1258,43468.74219858176
774,28047000407,1764,1427,38819.280501386624
775,28047000408,2627,1634,57792.28392535418
776,28047000409,8849,4426,194462.43939886687
777,28047000410,5837,2521,128269.60417374848
778,28047000411,2120,1813,46772.40304613334
779,28047000501,3943,1628,86698.52651371901
780,28047000502,4901,1243,107957.95220927254
781,28047000503,8178,2000,180059.49332278428
782,28047000504,2944,534,64733.87853630231
783,28047000505,5504,1126,121040.30408537695
784,28047000506,6787,713,150001.24794829029
785,28047000507,3134,128,69012.89054182637
786,28047000508,3890,100,86015.36532485965
787,28047000509,4165,539,92065.15013205961
788,28047000510,4072,493,89834.32305729912
789,28049000101,1243,39,57468.864264280215
790,28049000102,2354,82,108832.99161549617
791,28049000103,2238,253,103484.72431334843
792,28049000104,1576,1072,72871.47779520579
793,28049000105,1495,778,69372.33287976426
794,28049000106,1383,1151,64322.818981790384
795,28049000108,1319,218,60947.53094583663
796,28049000109,2073,253,95795.2827657096
797,28049000110,2915,2559,135382.2878721914
798,28049000111,3279,3036,152397.28532348387
799,28049000112,2837,2068,131186.6102469244
800,28049000113,2754,919,127499.82416325946
801,28049000114,4457,2804,206031.20106953828
802,28049000115,3114,2120,143849.13290908805
803,28049000116,3211,2612,148711.4395981555
804,28049000117,3616,3466,167993.63795187356
805,28049000118,1755,1680,81817.1251813631
806,28049000119,1710,1596,79744.89180536832
807,28049000120,3309,3178,154911.2811507633
808,28049000121,1460,167,67588.96664504832
809,28049000201,563,530,26179.34101830664
810,28049000202,788,761,36667.95765952386
811,28049000203,858,825,39957.87826216711
812,28049000204,1564,131,72580.51435734924
813,28049000206,2374,1330,110286.92753360394
814,28049000207,860,41,39952.93182166132
815,28049000208,1321,1260,61548.75428758201
816,28049000209,1792,1702,83542.39508050667
817,28049000210,1999,1931,93401.89551215578
818,28049000211,1719,1614,80247.28307950075
819,28049000212,1413,1371,66043.3630338829
820,28049000213,1567,1440,73114.39856474705
821,28049000214,756,742,35280.885915812294
822,28049000215,784,753,36559.72050400053
823,28049000216,2209,2124,103106.3217982059
824,28049000217,2896,2775,136165.36734148793
825,28049000218,2066,1962,96539.34967834434
826,28049000219,1826,1249,87051.3957477013
827,28049000220,2796,2067,132277.46038903794
828,28049000221,4205,1730,198910.3314140085
829,28049000222,250,199,11745.740668942872
830,28049000223,891,417,42665.419691712625
831,28049000224,383,246,17804.9379857169
832,28049000225,787,598,37171.174375082104
833,28049000226,825,449,38999.63724078025
834,28049000227,449,401,21147.781206982236
835,28049000228,1679,348,79771.9379290869
836,28049000229,1230,609,57117.40941428946
837,28049000301,728,677,33931.28182636589
838,28049000302,1815,1766,84802.47256636368
839,28049000303,1064,1005,49597.249166518726
840,28049000304,1601,1522,74002.1242679876
841,28049000305,1080,951,50329.28607248748
842,28049000306,1499,1386,69127.63733123065
843,28049000307,3539,3172,162809.60310976437
844,28049000308,1579,1404,72631.773766469
845,28049000309,1170,1141,54442.43647399804
846,28049000310,1593,1333,73258.71934512968
847,28049000311,1035,989,47951.21198253671
848,28049000312,1130,1027,52426.58193933326
849,28049000313,533,510,24680.15110453349
850,28049000314,909,870,42029.734060444
851,28049000315,636,528,29590.644422199322
852,28049000316,1231,1142,57217.33553426686
853,28049000317,1509,1299,69552.09281706985
854,28049000318,2439,2245,113086.76045227626
855,28049000319,2104,1865,97924.89539244867
856,28049000320,3460,3213,159244.6571386568
857,28049000321,2068,1734,95981.79953769332
858,28049000322,2965,2568,136739.52547963138
859,28049000323,2574,2358,118671.60591654934
860,28049000401,4248,953,199453.46045078896
861,28049000402,4155,1270,193730.11901196773
862,28049000403,3708,1538,174101.98040988538
863,28049000404,2050,1057,96050.65970161169
864,28049000405,1908,678,89231.55227361673
865,28049000406,4112,2299,191900.29423037707
866,28049000407,2861,1225,133420.10647725945
867,28049000408,4481,2246,207587.38809645115
868,28049000409,4521,2844,208878.68783046398
869,28049000410,1824,1617,83767.03300694411
870,28049000411,1489,1322,68446.37958127883
871,28049000412,1109,980,50953.17506957915
872,28049000413,1275,1025,58516.58619804574
873,28049000414,3587,3291,164793.13564554226
874,28049000415,2565,2271,117627.26389338345
875,28049000416,866,624,39800.353407576746
876,28049000417,2524,2094,115578.38234277091
877,28049000418,5773,4541,264307.901694043
878,28049000419,3072,1505,140978.61986777585
879,28049000420,850,382,39285.26546429255
880,28049000421,2927,1028,136976.8786212603
881,28049000422,3153,2458,144446.2758511827
882,28049000501,2227,1275,102652.40046495378
883,28049000502,499,458,23023.522501982516
884,28049000503,3627,1938,165883.61358514585
885,28049000504,668,628,30880.911983678987
886,28049000506,1456,893,67392.3687935654
887,28049000507,2698,2012,122229.99657001512
888,28049000508,1182,1050,54382.13047377671
889,28049000509,1734,1509,79627.44758935588
890,28049000510,517,487,23940.82400616501
891,28049000511,725,691,33616.0947526613
892,28049000512,791,757,36599.17350952765
893,28049000513,810,781,37566.60859257284
894,28049000514,2337,1786,107170.99107246078
895,28049000515,1375,1044,63272.960236156076
896,28049000516,751,635,34622.49575080582
897,28049000517,535,507,24694.570554637994
898,28049000518,1228,1133,56761.9087695539
899,28049000520,887,666,40851.65866169393
900,28049000521,621,578,28578.01236713374
901,28049000522,1096,873,50181.288034264006
902,28049000523,1351,609,61804.774631113396
903,28049000524,1335,438,60856.839867594914
904,28049000525,1436,1381,66263.89779371973
905,28049000526,1469,949,67713.43698817192
906,28049000527,1071,830,49616.78150718647
907,28049000528,5049,1966,230018.669023167
908,28051000101,2329,2042,114789.01039344547
909,28051000102,782,724,38440.513206135816
910,28051000103,537,458,25209.99031330742
911,28051000104,1670,1372,78394.87121673608
912,28051000201,834,578,37705.29862122531
913,28051000202,735,603,34507.81421693407
914,28051000301,300,96,15074.127701470843
915,28051000302,428,326,20576.998243264443
916,28051000303,1158,1055,54651.79344866613
917,28051000304,1655,1263,78476.4507979658
918,28051000401,736,639,38426.696748224
919,28051000402,2298,2029,115078.96429417215
920,28051000403,359,302,17162.567665386206
921,28051000501,395,304,20194.249021708016
922,28051000502,2064,1895,106498.89822962042
923,28051000503,720,508,36328.85130445815
924,28053000101,55,7,2989.1287812106566
925,28053000102,1272,1030,68275.62049549642
926,28053000201,1187,891,64838.86473797441
927,28053000203,92,30,4988.455827325291
928,28053000204,525,494,28317.78211344258
929,28053000301,709,539,37906.29981548085
930,28053000302,86,21,4462.457637590027
931,28053000305,717,681,38316.998684131584
932,28053000401,289,120,15370.576984038653
933,28053000402,1502,1170,80243.19753877516
934,28053000501,178,73,9516.346608726888
935,28053000502,698,559,36518.33662909077
936,28053000504,475,457,25415.8227316005
937,28055000101,101,27,5255.795594957345
938,28055000102,122,41,6504.426216315235
939,28055000103,773,513,41239.34227840712
940,28055000104,162,88,8680.26683356025
941,28055000105,180,79,9596.989250830573
942,28057000101,843,3,24491.202419566896
943,28057000102,1350,1,39691.96634014606
944,28057000103,252,12,7442.020497024098
945,28057000104,1598,397,47425.44783097809
946,28057000105,584,7,16868.388138422637
947,28057000202,1359,2,38635.819492471994
948,28057000203,412,5,11838.680707886995
949,28057000204,1570,22,46121.674319848746
950,28057000205,728,22,21074.86956191713
951,28057000206,1099,17,32165.93800092658
952,28057000301,1192,17,35487.98320079561
953,28057000302,953,16,28311.061414441454
954,28057000303,771,205,22983.694066725893
955,28057000305,688,106,20694.526126965113
956,28057000306,925,224,27736.29661703741
957,28057000307,361,9,10832.022128240491
958,28057000401,2407,143,71557.69856105221
959,28057000404,404,5,12116.82440027553
960,28057000407,1048,15,31220.058231942367
961,28057000409,761,56,22830.86029381732
962,28057000501,1474,28,43851.31451265202
963,28057000502,1541,70,45654.29127889494
964,28057000504,353,1,10447.866892525362
965,28057000505,1190,240,35378.74493907299
966,28059000101,825,16,18604.61450339269
967,28059000102,3651,209,82444.1390273198
968,28059000110,3855,399,87384.7403021012
969,28059000202,3266,2911,73873.08444611807
970,28059000203,2580,1983,58343.139225615334
971,28059000205,2197,1231,49627.42740999391
972,28059000207,3300,2229,74587.29915403554
973,28059000301,1611,262,36407.9241049318
974,28059000305,2437,284,55064.33895033069
975,28059000307,1976,219,44631.99275297285
976,28059000309,644,43,14554.84035611794
977,28059000310,11168,4101,251327.03166461276
978,28059000311,317,16,7153.594896329107
979,28059000312,1134,195,25484.87287885296
980,28059000314,219,26,4947.585224128794
981,28059000401,739,13,16463.418406730943
982,28059000402,462,25,10290.717980372556
983,28059000403,3392,242,75611.41237523372
984,28059000407,7672,459,171511.2882813788
985,28059000408,595,12,13374.370291914645
986,28059000501,3812,909,86025.79511083604
987,28059000502,480,43,10836.706841443764
988,28059000503,6392,657,143295.7110892887
989,28059000504,6424,605,143609.52130719094
990,28059000505,1258,64,28207.944617893114
991,28059000506,6801,325,151889.55703038268
992,28059000507,3509,74,78919.82967385341
993,28059000509,615,12,13911.378700617872
994,28059000511,338,1,7628.425980919141
995,2805900507a,1704,23,38466.368740375685
996,280590105-1,9433,426,214226.307715951
997,280590108-1,3797,81,86167.21808101096
998,280590113-1,1920,129,43590.89001540913
999,280590209-1,4998,3053,112952.65153565815
1000,280590301-C,11,3,248.6243055339807
1001,280590304-1,2837,490,64118.414188671566
1002,280590406-1,8725,1346,194442.1368946573
1003,280590409-1,5084,894,113446.06256593269
1004,28059110-1C,1964,740,44419.70784119393
1005,28059113-1B,13,0,295.6655054523941
1006,28059202-1A,218,142,4936.057896397237
1007,28059209-1C,3530,1612,79801.19297891855
1008,28059209-1D,1494,697,33755.90423232338
1009,28059209-1H,15,2,339.187185650783
1010,28059301-1B,413,147,9332.527862095561
1011,28059304-1a,1031,467,23298.52003607454
1012,28059307-1a,98,16,2211.0671488480302
1013,28059406-1C,415,28,9253.433362005891
1014,28059406-1b,261,19,5846.630399509215
1015,28059409-1a,3446,421,76916.38786374788
1016,28059409-1c,707,117,15799.879034296646
1017,28059503-1A,932,398,20927.34809284254
1018,28059503-1C,11,2,246.7820428142487
1019,28059503-1D,2558,317,57428.67673457963
1020,28059505-1B,2582,335,57847.484648146245
1021,28059505-1b,91,8,2039.4390239131637
1022,28059507-1B,405,4,9115.083301111146
1023,28059507-1C,44,0,991.0422532161142
1024,28059508-1a,2846,231,63662.553139929405
1025,28061000101,457,77,14590.419510954498
1026,28061000102,1068,510,33554.13923978381
1027,28061000104,164,118,5403.5902296209
1028,28061000105,1520,322,46805.17610834048
1029,28061000201,1067,803,33644.22470296137
1030,28061000202,231,57,7838.004920416922
1031,28061000203,367,204,12367.088697362604
1032,28061000205,854,277,27707.83880637887
1033,28061000206,661,610,20551.0988396729
1034,28061000301,1431,885,46308.485457162125
1035,28061000303,1149,632,37796.292464292055
1036,28061000304,523,215,18177.220003256254
1037,28061000401,1825,944,58741.88405511216
1038,28061000402,1774,153,55995.10811881127
1039,28061000501,573,470,17841.55496389156
1040,28061000502,895,557,27465.506500630963
1041,28061000503,1808,1490,55134.449548807104
1042,28063000001,509,281,23818.276581582115
1043,28063000003,501,411,23161.37128285202
1044,28063000004,429,374,19937.9469950327
1045,28063000005,440,406,20590.733545509578
1046,28063000008,439,372,20528.13672820338
1047,28063000009,1770,1613,82182.8737208159
1048,28063000010,826,773,38259.11140048146
1049,28063000011,406,325,18898.78752295966
1050,28063000012,259,131,12023.961145940055
1051,28063000013,520,431,24140.02986094806
1052,28063000014,383,301,17756.792362748252
1053,28063000015,778,720,35990.950576806805
1054,28065000011,210,140,7703.3635092738095
1055,28065000013,1986,1088,75178.59537999667
1056,28065000022,440,146,16080.46724858071
1057,28065000023,544,159,19112.38123536139
1058,28065000024,701,386,25433.3950473735
1059,28065000026,504,223,17865.375909630515
1060,28065000031,1584,1141,53997.200848469205
1061,28065000033,758,270,25049.97757168702
1062,28065000041,266,117,10509.789302636562
1063,28065000042,345,287,13126.098599631596
1064,28065000043,1181,812,43723.55274804103
1065,28065000044,530,209,21374.98739094227
1066,28065000051,518,299,21848.71197160025
1067,28065000053,547,442,21320.92093135745
1068,28065000055,654,468,25760.042732772312
1069,28065000056,553,435,22339.80696293685
1070,28067000102,4809,2040,141353.6122576564
1071,28067000103,4808,1603,142608.0167893037
1072,28067000104,3928,1223,116627.97754747722
1073,28067000201,741,50,23037.55692184539
1074,28067000202,2744,112,81439.83434825487
1075,28067000203,325,5,10271.58995130178
1076,28067000204,2627,1219,77071.07902630472
1077,28067000205,495,110,15823.550283351438
1078,28067000206,1014,634,33484.96672573227
1079,28067000207,739,80,22620.924887734152
1080,28067000208,1248,74,36974.52247814529
1081,28067000210,1701,696,52919.11010416846
1082,28067000211,2056,362,61364.80474731573
1083,28067000302,757,347,22489.561053113965
1084,28067000303,1803,69,52490.54879816119
1085,28067000304,1981,30,57600.66142386022
1086,28067000305,1692,319,49693.69573467714
1087,28067000306,1450,30,39822.07391136859
1088,28067000307,1067,19,31741.129446243558
1089,28067000308,1404,147,42098.5131287595
1090,28067000309,1502,15,43038.5474372916
1091,28067000310,761,8,22016.38077319103
1092,28067000401,115,2,3698.9837963438313
1093,28067000402,1344,233,38436.04194706643
1094,28067000403,1099,26,31052.359804428328
1095,28067000404,2770,907,80271.72126916917
1096,28067000405,645,11,18232.104842233864
1097,28067000406,2165,277,62027.49816714744
1098,28067000407,1300,12,38791.123316773854
1099,28067000408,1931,19,58311.89674654617
1100,28067000409,1502,37,45334.60609579114
1101,28067000410,1235,225,35774.01714334607
1102,28067000412,1531,34,42281.14615684878
1103,28067000503,2813,2527,82516.63133069169
1104,28067000505,1445,1391,42418.347693715754
1105,28067000506,2938,982,85741.46866705455
1106,28067000509,327,247,9510.056831275346
1107,28067000510,4434,3013,130241.66296755974
1108,28069000101,1607,1080,60764.680946693894
1109,28069000102,224,164,8316.90316116649
1110,28069000201,524,383,19456.63842407248
1111,28069000202,851,628,30983.334937841137
1112,28069000204,177,149,6471.672503482451
1113,28069000301,881,497,33057.838734086065
1114,28069000302,466,105,17425.58918521753
1115,28069000303,231,52,8512.325119049947
1116,28069000403,263,211,9793.059809147802
1117,28069000404,950,266,35539.66952869109
1118,28069000406,556,299,20708.22541326377
1119,28069000501,1738,1295,64670.2950568943
1120,28069000502,520,357,19343.845440126643
1121,28071000101,1115,89,32394.84568718038
1122,28071000102,1093,58,33468.732275563256
1123,28071000103,8810,1240,277460.33423017676
1124,28071000201,431,90,12291.050465212864
1125,28071000202,9438,2114,295846.5640257844
1126,28071000301,1120,31,36434.64028126089
1127,28071000302,1786,849,54984.864455265975
1128,28071000303,3477,729,110429.60357264138
1129,28071000304,5939,2184,195063.3222622703
1130,28071000401,859,129,29672.38249015713
1131,28071000402,1223,580,41274.80347602258
1132,28071000403,617,106,21822.660085124666
1133,28071000405,1035,65,35270.74307442536
1134,28071000406,8172,1474,264327.31203074177
1135,28071000501,488,14,15800.77077993341
1136,28071000502,1405,152,46608.0938329306
1137,28071000504,635,18,18953.133613019054
1138,28071000506,8170,1378,261496.9840609297
1139,28073000001,6032,442,177482.32211515
1140,28073000002,5957,1469,165678.97768011046
1141,28073000003,1149,213,33683.6255737703
1142,28073000004,1387,69,39610.1903952723
1143,28073000005,3280,355,92018.68933946588
1144,28073000006,2267,123,63686.23550077233
1145,28073000007,4564,582,126416.67734783154
1146,28073000008,3233,1289,89225.01586089366
1147,28073000009,4324,1571,118672.17477767801
1148,28073000010,3454,1437,93890.50540404514
1149,28073000011,3104,1520,84021.72169085305
1150,28073000012,3974,902,107379.59729032562
1151,28073000013,3298,702,91556.31063705089
1152,28073000014,1350,479,36139.52581396478
1153,28073000015,1054,49,28424.98778401535
1154,28073000016,3901,570,98994.94687871379
1155,28073000017,3360,108,83556.78462315249
1156,28073000019,920,6,24379.35648943728
1157,28073000020,2402,1001,57315.84343024067
1158,28073000021,565,8,13237.939078904577
1159,28073000022,1629,9,44220.4486326401
1160,28073000023,1081,173,29706.49121155935
1161,28073000024,1937,1219,53164.73171356838
1162,28075000101,3466,1301,123988.79385019402
1163,28075000102,3547,1388,127200.18503100672
1164,28075000103,1517,358,54337.32137065548
1165,28075000104,2102,471,75778.5799958382
1166,28075000105,233,39,8260.742380505331
1167,28075000106,1317,765,46879.15668730269
1168,28075000107,2922,460,104231.27338695533
1169,28075000108,826,194,29583.369696780042
1170,28075000109,3679,2104,131304.54001833525
1171,28075000201,4017,3550,143925.69323388362
1172,28075000202,445,148,15963.638655231112
1173,28075000203,422,287,15234.117400535393
1174,28075000204,1224,973,43946.50350061915
1175,28075000205,841,355,30293.952954396085
1176,28075000206,1976,579,70647.67799263168
1177,28075000207,643,206,23000.15174113162
1178,28075000208,566,218,20446.941866094116
1179,28075000209,916,381,33055.82204419428
1180,28075000210,1265,482,45763.29940609784
1181,28075000211,337,250,12148.04515013006
1182,28075000301,464,199,16645.08965533891
1183,28075000302,2399,1887,86217.7331124543
1184,28075000303,1677,217,61289.98847038424
1185,28075000304,2901,451,105092.32939138623
1186,28075000305,1522,70,56302.59663243952
1187,28075000308,705,36,25645.755555173528
1188,28075000309,2650,430,93987.96115298598
1189,28075000401,1100,901,39501.9654738668
1190,28075000402,2989,2642,105804.72122757944
1191,28075000403,1963,1509,70428.45554621129
1192,28075000404,862,706,30924.60987696211
1193,28075000405,1869,1700,66991.6787696281
1194,28075000406,375,300,13533.132496283179
1195,28075000407,889,292,31216.16797527163
1196,28075000408,204,89,7160.114258414357
1197,28075000501,1997,1557,71759.10361158634
1198,28075000502,1891,1374,67336.42118366354
1199,28075000504,140,34,5043.120754845979
1200,28075000505,655,236,23603.395565256043
1201,28075000506,1453,98,49498.633254804336
1202,28075000507,955,33,32732.668659338437
1203,28075000508,2180,942,76301.51429318605
1204,28075000509,931,224,32624.197871469692
1205,28075000510,211,53,7625.034562235819
1206,28075000511,362,60,12548.75645162036
1207,28075000512,908,54,31500.04555015921
1208,28075000513,691,243,24933.135173365466
1209,28075000514,2208,552,78327.4419769083
1210,28075000515,894,159,31327.682021595996
1211,28075000516,1736,187,60237.101273091386
1212,28075000517,942,236,33977.00626919196
1213,28077000002,259,8,10939.169156807407
1214,28077000003,739,21,29600.016129183194
1215,28077000004,2518,439,105131.86150258084
1216,28077000005,412,97,17276.107580119467
1217,28077000006,292,192,12176.884436464516
1218,28077000007,867,36,34347.44058722022
1219,28077000008,180,153,7538.345546065421
1220,28077000009,268,39,11181.85168760539
1221,28077000010,704,188,29736.798894675383
1222,28077000011,108,14,4782.513292872348
1223,28077000013,242,30,8945.515968610427
1224,28077000014,518,401,22113.475862304582
1225,28077000015,248,204,10152.31613750196
1226,28077000016,547,112,23787.659900219096
1227,28077000017,711,395,28765.980880242438
1228,28077000018,559,335,23713.97395494146
1229,28077000019,349,41,13155.799855964246
1230,28077000021,127,19,5501.654566056826
1231,28077000022,741,379,28611.269380117126
1232,28077000023,981,437,42493.77597489213
1233,28077000024,434,9,17813.292424263072
1234,28077000025,103,85,4553.524039227094
1235,28077000026,81,56,3554.3224132043274
1236,28077000027,28,0,1209.71442927728
1237,28079000101,934,46,38810.71327935848
1238,28079000102,1599,415,70871.05798248097
1239,28079000103,696,47,29592.640332335333
1240,28079000104,740,107,31388.203366479374
1241,28079000201,2230,711,99503.45050011747
1242,28079000202,934,645,41439.46541979179
1243,28079000203,1291,389,56530.334666756564
1244,28079000301,1985,1393,89013.24053910194
1245,28079000302,764,485,34006.99993824092
1246,28079000303,814,486,36788.376777153244
1247,28079000304,747,598,33302.69248398179
1248,28079000401,1153,420,51379.65374146692
1249,28079000402,1119,266,49303.97960362331
1250,28079000403,748,385,33155.7032646287
1251,28079000404,1560,126,68273.51097848361
1252,28079000501,662,314,27977.683269246663
1253,28079000502,1578,1122,68196.91365688898
1254,28079000503,726,85,30982.428042065316
1255,28079000504,995,149,42502.655273262484
1256,28081000101,1335,551,36726.48919299104
1257,28081000102,677,36,18740.7341404532
1258,28081000103,359,4,10091.788227914683
1259,28081000104,1795,290,50155.040342579385
1260,28081000105,1121,30,31875.665208768703
1261,28081000106,768,6,22005.2511211533
1262,28081000107,1360,91,38616.679722877794
1263,28081000108,4001,839,116525.75654958028
1264,28081000109,905,38,26132.89069995263
1265,28081000110,942,23,27470.6745810884
1266,28081000112,3170,89,94141.39061085643
1267,28081000113,2623,175,76364.97948752427
1268,28081000115,6133,1582,178776.41030899444
1269,28081000201,5987,1822,177302.34526937845
1270,28081000202,3232,455,89377.66915013075
1271,28081000203,563,19,15800.821933409372
1272,28081000204,2410,240,68090.92080996116
1273,28081000205,4808,730,135895.82313355996
1274,28081000208,1188,268,33931.44170922313
1275,28081000301,3636,1019,103870.44389070082
1276,28081000302,8225,1500,238406.1681847144
1277,28081000303,3629,2877,107988.79939467934
1278,28081000304,6008,3715,176582.25303427858
1279,28081000401,1828,914,54747.28256824565
1280,28081000402,901,419,26964.921023077666
1281,28081000404,2420,1214,71970.09808369025
1282,28081000501,1735,254,52225.244504604976
1283,28081000502,582,69,17491.43847179394
1284,28081000503,1226,678,36794.65415060899
1285,28081000504,633,50,18958.35134429698
1286,28081000505,1517,535,45180.012244581085
1287,28081000506,915,109,27290.376113773826
1288,28081000507,949,218,28426.698919993156
1289,28081000508,2477,1285,73746.6518786964
1290,28081000509,351,7,10448.697631332103
1291,28081000511,2934,1980,87393.95828943128
1292,28083000001,2303,2213,108170.69241227514
1293,28083000003,725,549,34053.88852451522
1294,28083000004,368,193,16333.445872243974
1295,28083000005,187,43,8375.572304021125
1296,28083000006,334,224,17518.71449759398
1297,28083000007,909,647,44302.3989051196
1298,28083000008,6046,2179,285191.34334120195
1299,28083000009,2349,2095,114781.08012775666
1300,28083000010,2914,2203,135011.20100189012
1301,28083000011,918,882,44241.5756054392
1302,28083000012,385,202,17779.34751558479
1303,28083000013,574,428,28859.366907906642
1304,28083000014,1813,1728,85560.19241904943
1305,28083000015,709,618,34832.123677909985
1306,28083000016,3398,2837,159772.16347787902
1307,28083000017,2108,1904,100367.66504788659
1308,28083000018,2299,1864,109292.50119395716
1309,28085000101,803,724,37557.38317093275
1310,28085000102,646,23,28179.38130385033
1311,28085000103,1177,376,54391.78262320017
1312,28085000104,391,16,17609.291115776738
1313,28085000105,951,889,44548.80947157377
1314,28085000106,1285,1131,60068.56766079343
1315,28085000201,510,146,22578.544911828194
1316,28085000202,1186,232,53987.60682557696
1317,28085000203,407,70,18180.601645462502
1318,28085000204,1056,868,49306.06646403022
1319,28085000205,713,320,32782.017081387516
1320,28085000206,2103,775,98255.62614996219
1321,28085000207,1805,1286,84538.54004559983
1322,28085000301,626,220,29355.835545742077
1323,28085000302,2245,79,101274.89448000767
1324,28085000303,673,260,30882.58639920269
1325,28085000304,1244,27,52846.01797433771
1326,28085000305,465,86,20937.66491740632
1327,28085000306,1574,185,73466.78274498679
1328,28085000401,1621,102,75953.1589856812
1329,28085000402,1203,241,56248.253884464015
1330,28085000403,1352,232,62466.95276436478
1331,28085000404,928,88,42083.60340283679
1332,28085000405,2580,452,121074.85507139811
1333,28085000501,989,145,46302.0125922443
1334,28085000502,2141,370,100592.75702287987
1335,28085000503,1097,120,51559.7040423073
1336,28085000504,751,184,35312.79448575741
1337,28085000505,841,125,39492.223291793336
1338,28085000506,1544,712,72501.08003972266
1339,28087000101,6113,523,184134.36584350554
1340,28087000102,1096,142,33518.05072280795
1341,28087000104,4361,2962,137365.61316468177
1342,28087000106,1419,387,43934.522324381614
1343,28087000201,5029,1139,157638.08273704577
1344,28087000202,4428,1954,139396.98171672152
1345,28087000204,3961,992,122553.35926235396
1346,28087000301,1974,1296,62524.988997467386
1347,28087000302,3910,1170,121801.31617956243
1348,28087000303,7303,1256,233498.2221955971
1349,28087000401,670,643,21309.569240855246
1350,28087000402,2200,1721,70237.66683047861
1351,28087000403,641,475,21775.69822660007
1352,28087000404,1175,931,40699.97859477282
1353,28087000409,5938,4831,189277.43923915387
1354,28087000502,3307,3056,104489.56945917025
1355,28087000504,1493,1119,47302.32356835305
1356,28087000505,1763,573,56057.383678209764
1357,28087000507,1670,401,54140.88637039839
1358,28087000508,428,314,14387.733573319649
1359,28089000101,1414,764,63348.34911944116
1360,28089000103,3341,263,154342.32826345906
1361,28089000104,2555,1488,117374.66198754581
1362,28089000105,1608,1055,74406.1033154536
1363,28089000106,442,350,20424.39006530699
1364,28089000107,6422,2082,296736.2165731113
1365,28089000108,4526,834,208919.6514860174
1366,28089000109,1771,161,81965.00399539934
1367,28089000201,3308,369,153571.21788070883
1368,28089000202,3139,254,145257.64718139212
1369,28089000203,4557,713,211509.81491558216
1370,28089000204,6873,4397,317718.0545140055
1371,28089000210,5004,955,232633.38052946862
1372,28089000211,6541,695,304401.4542880797
1373,28089000301,2721,804,126439.44360246022
1374,28089000302,6356,1311,294885.11004613683
1375,28089000303,1895,678,88886.11828522393
1376,28089000304,3436,1538,159076.44581187546
1377,28089000305,497,257,23105.049647027736
1378,28089000306,4042,1411,187165.25694340933
1379,28089000307,5720,886,266723.76269910973
1380,28089000308,2573,366,120174.5037928337
1381,28089000401,582,35,27812.831609425943
1382,28089000402,2301,1636,109461.64701970617
1383,28089000403,2002,493,94940.87450217642
1384,28089000404,573,96,26810.899600428093
1385,28089000405,1849,1784,85564.16152158058
1386,28089000406,1729,1126,80052.34217098705
1387,28089000407,616,395,28563.23813719778
1388,28089000408,1791,1709,82864.34443031836
1389,28089000410,4906,308,228253.55116451293
1390,28089000501,182,98,8495.332190650777
1391,28089000502,98,66,4495.750707177104
1392,28089000503,1462,1153,67347.89846378173
1393,28089000504,928,806,41927.36398090374
1394,28089000505,2854,2013,131148.37656768863
1395,28089000506,2569,2208,119019.78326927377
1396,28089000507,1207,990,53832.50262519727
1397,28089000508,1244,1169,57486.95150910759
1398,28089000996,302,61,13820.971296721049
1399,28089000997,954,471,44187.05726061569
1400,28089000998,955,145,44310.34749131663
1401,28089000999,1300,133,59972.135841952004
1402,28091000001,2353,757,70570.7183418119
1403,28091000002,2305,211,66272.98564303543
1404,28091000003,439,32,12484.557633543212
1405,28091000004,2091,1080,62035.703516099624
1406,28091000005,1300,66,41216.135607784134
1407,28091000006,717,221,21908.354195108717
1408,28091000007,780,116,25880.5807428598
1409,28091000008,1850,532,53954.57484735835
1410,28091000009,906,23,29027.644338466962
1411,28091000010,885,354,27567.68394342323
1412,28091000011,739,319,21691.788405066924
1413,28091000013,449,48,15351.379713337536
1414,28091000014,1190,327,34533.798965641516
1415,28091000015,968,150,27456.432460127282
1416,28091000016,1132,207,33656.78658480171
1417,28091000017,879,32,25164.18058169097
1418,28091000018,716,246,19873.711589762526
1419,28091000019,740,545,21434.522035886836
1420,28091000020,447,374,13164.911700123123
1421,28091000021,706,371,19866.32394999833
1422,28091000022,1922,1372,54196.78917831373
1423,28091000023,927,200,25293.890293067176
1424,28093000101,3199,2609,94791.1382853122
1425,28093000102,1751,1417,52101.8385492065
1426,28093000103,1665,466,49930.37073821638
1427,28093000201,1466,1080,43621.284594804936
1428,28093000202,504,222,14862.413525453194
1429,28093000203,561,274,16531.141313681575
1430,28093000204,1012,327,30014.587593537333
1431,28093000205,1807,463,53817.37858223751
1432,28093000206,1660,461,49689.456836122
1433,28093000301,3694,1081,112139.67394663641
1434,28093000302,1675,674,50198.54905005933
1435,28093000303,1729,125,52294.689255496494
1436,28093000401,870,358,26135.823298580865
1437,28093000402,1550,611,46816.51203171047
1438,28093000403,1015,306,30941.32986763028
1439,28093000404,1273,697,39303.52239825461
1440,28093000405,1009,460,30345.255110074817
1441,28093000406,757,559,23161.94119806627
1442,28093000407,356,137,10908.700650521985
1443,28093000501,2576,1569,76560.13791561016
1444,28093000502,1662,502,47658.220607652016
1445,28093000503,274,6,7781.86350583784
1446,28093000504,666,72,18985.081744891882
1447,28093000505,1021,404,30542.523772560464
1448,28095000102,1657,69,50100.22788879984
1449,28095000103,233,8,7044.339112958369
1450,28095000104,378,37,11482.18031713508
1451,28095000105,2906,115,88335.05264582562
1452,28095000107,1150,89,34993.854762614
1453,28095000108,441,14,13364.05630221213
1454,28095000109,937,42,28226.479031617884
1455,28095000201,543,13,16309.185394021428
1456,28095000202,313,5,9408.82648147711
1457,28095000204,1942,115,58925.36208882423
1458,28095000205,4079,695,124150.89843291271
1459,28095000302,538,6,15809.067257580502
1460,28095000304,2546,439,74196.6240047815
1461,28095000305,1372,183,40966.77373474604
1462,28095000306,1256,580,37997.89435255647
1463,28095000307,990,140,29772.02150143142
1464,28095000401,2056,1623,61997.6135349818
1465,28095000402,208,35,6107.7586065467995
1466,28095000405,906,739,27621.302921779916
1467,28095000406,809,576,24653.876843804563
1468,28095000407,2516,1665,76224.03453100454
1469,28095000501,1211,821,36974.739599277564
1470,28095000502,588,366,17843.35110813814
1471,28095000503,1925,718,57877.75079468177
1472,28095000505,1628,271,49612.631317883905
1473,28095000506,1052,947,32030.560264566913
1474,28097000101,387,32,16772.604929787816
1475,28097000102,1392,261,62010.14817332704
1476,28097000103,212,86,9213.671691682906
1477,28097000201,854,339,38037.759849125934
1478,28097000202,1125,302,50026.014284089244
1479,28097000203,262,201,11530.467743874982
1480,28097000302,1259,873,55714.43782647434
1481,28097000303,331,214,14496.780757138933
1482,28097000304,126,99,5406.62686696655
1483,28097000401,877,405,37394.42299872862
1484,28097000402,185,9,7716.18955811857
1485,28097000403,490,72,20135.57603899624
1486,28097000501,204,16,8534.172806441205
1487,28097000502,1647,1192,72544.5227998343
1488,28097000503,471,263,20683.44519318737
1489,28099000101,874,81,35406.741319066095
1490,28099000102,536,1,20557.33950423632
1491,28099000103,699,17,27819.018146737635
1492,28099000104,466,10,18370.634393312546
1493,28099000106,565,116,22687.82792302151
1494,28099000107,1041,404,41218.22281061087
1495,28099000108,2994,54,120562.1730989612
1496,28099000201,834,30,31411.599556594178
1497,28099000202,671,71,25351.811642258792
1498,28099000204,573,72,21434.075708133256
1499,28099000205,786,20,29231.560040569882
1500,28099000206,2804,410,107385.4576664817
1501,28099000301,2492,734,95962.94947623022
1502,28099000303,724,17,27198.78622509909
1503,28099000304,973,19,37083.423728423724
1504,28099000305,948,43,35365.44165488079
1505,28099000306,618,43,23122.815175188716
1506,28099000401,681,268,26334.70838080775
1507,28099000402,1256,65,48976.93650200695
1508,28099000403,1014,368,40521.033761311526
1509,28099000404,413,16,15975.540444684859
1510,28099000406,641,97,26591.352202389346
1511,28099000407,1247,298,47592.89053712366
1512,28099000501,3033,2372,117320.67661227866
1513,28099000502,708,360,27209.881283497263
1514,28099000503,735,355,27759.43801737444
1515,28099000504,761,39,30051.3019157758
1516,28101000101,666,408,25133.347709305373
1517,28101000102,1653,750,62318.188117919155
1518,28101000104,1544,1385,57383.4475197474
1519,28101000201,1202,108,45019.22764460306
1520,28101000202,997,45,35748.5438834149
1521,28101000203,1150,206,43020.102249919735
1522,28101000204,1319,49,47897.193992787616
1523,28101000301,826,167,32232.30079522677
1524,28101000302,1095,233,42071.110130953886
1525,28101000303,1878,150,75657.55289816103
1526,28101000304,802,41,33160.49765285757
1527,28101000401,1956,722,76030.99608574968
1528,28101000402,2126,1079,79228.521499396
1529,28101000501,974,61,34031.307868074175
1530,28101000502,1944,484,69010.3007028888
1531,28101000504,1159,559,42832.848684753044
1532,28103000101,787,653,27479.36729413098
1533,28103000103,1177,629,42188.645274460985
1534,28103000203,2216,1749,82149.5442181491
1535,28103000302,2217,1798,82316.98750683818
1536,28103000401,610,282,23370.02201636398
1537,28103000403,196,29,7329.625497079106
1538,28103000404,1065,799,40438.3474534076
1539,28103000501,2017,1251,72490.6010656064
1540,28105000101,7142,2492,254825.31450876239
1541,28105000102,689,223,24783.024847300014
1542,28105000103,1344,256,48783.35624842389
1543,28105000104,974,156,34882.19246786823
1544,28105000201,1763,1119,60036.56112999135
1545,28105000203,7972,2287,277131.38226208085
1546,28105000204,1627,974,57221.91309552618
1547,28105000301,3603,607,126890.64909013466
1548,28105000302,4190,1464,148154.94210216598
1549,28105000303,496,308,17091.680313818142
1550,28105000304,971,393,34193.31042351875
1551,28105000305,584,367,20553.506338407267
1552,28105000401,8561,1949,304782.297124859
1553,28105000402,290,71,10539.329761837374
1554,28105000403,372,17,13909.11535592217
1555,28105000405,1374,335,52161.599138795915
1556,28105000501,3074,1667,108761.78840033295
1557,28105000502,3167,1622,112834.98406509672
1558,28105000503,2359,1254,82355.06247340293
1559,28105000504,1236,667,44251.4640983387
1560,28107000101,2223,1383,80241.50590282955
1561,28107000103,2542,1808,91064.55650355069
1562,28107000105,840,346,29059.28749404771
1563,28107000106,508,257,18194.883165428084
1564,28107000201,655,310,24319.689963830828
1565,28107000202,901,495,34217.669795595924
1566,28107000203,378,102,14231.902356009641
1567,28107000204,2608,1947,95389.87530248695
1568,28107000207,1356,1037,52268.821351888175
1569,28107000301,301,82,11937.425464212127
1570,28107000303,1299,211,50233.96207074029
1571,28107000304,1695,367,64921.10977443332
1572,28107000305,2320,1500,87375.22388422802
1573,28107000306,1013,292,37951.55800810919
1574,28107000307,423,262,17330.846084752688
1575,28107000402,2566,592,91474.11425205701
1576,28107000403,1895,570,68504.62958890335
1577,28107000404,1954,461,72890.59404509964
1578,28107000405,1054,275,39235.51671379105
1579,28107000503,2568,2279,96134.0028499807
1580,28107000504,4109,1459,153275.7929085541
1581,28109000110,695,336,16630.922953141053
1582,28109000130,997,72,23612.60661652498
1583,28109000140,3486,1169,85000.92862136629
1584,28109000150,1212,343,28666.167290833535
1585,28109000210,1592,48,37929.11652342819
1586,28109000227,2841,457,68108.44006624584
1587,28109000240,1438,26,35090.41898091458
1588,28109000250,516,14,13209.16191984629
1589,28109000269,859,26,21417.38449001984
1590,28109000270,3137,316,76417.63956327617
1591,28109000280,1660,32,39875.230656054344
1592,28109000320,4529,110,106716.32543675673
1593,28109000321,428,2,10008.741627771993
1594,28109000340,1769,21,39944.70588715934
1595,28109000350,709,6,15846.935593448288
1596,28109000359,1564,32,37000.17504826255
1597,28109000367,2013,118,46110.5821217543
1598,28109000390,1921,36,43665.61126018772
1599,28109000407,1954,121,47741.399800502404
1600,28109000410,2223,79,53568.57543274027
1601,28109000420,2471,326,60272.52134236828
1602,28109000440,3467,2159,84805.7077578489
1603,28109000520,2738,199,66201.05228027786
1604,28109000525,1796,55,43326.14555128403
1605,28109000527,4595,159,110178.0160344956
1606,28109000550,5535,404,134894.08182582015
1607,28111000101,476,193,11369.61647559719
1608,28111000102,567,219,14270.882694105914
1609,28111000103,853,598,20900.44924271049
1610,28111000201,447,27,11125.328683561826
1611,28111000202,1958,64,50249.381164212
1612,28111000301,2473,196,64205.10154802047
1613,28111000401,761,139,18943.2975540738
1614,28111000402,528,127,13163.441833717667
1615,28111000403,864,107,21640.90260171773
1616,28111000404,247,135,6139.737142720131
1617,28111000501,591,95,14206.541839708301
1618,28111000502,189,15,4535.253973338739
1619,28111000503,268,58,6565.1434363343515
1620,28111000504,1071,96,24135.581406500187
1621,28111000505,218,28,4932.400064144089
1622,28113000101,1731,1534,71013.9169947852
1623,28113000102,1315,1028,54023.80887665578
1624,28113000103,1912,1818,79332.76188879866
1625,28113000105,885,719,37201.47778531376
1626,28113000201,1225,972,50058.033657129425
1627,28113000202,1636,1122,64734.55735745578
1628,28113000203,1752,1188,69732.15635318177
1629,28113000204,1873,1101,70371.78414323114
1630,28113000206,1030,926,42386.82572840563
1631,28113000301,1204,724,45125.269459857154
1632,28113000302,2879,1296,116016.94513580667
1633,28113000304,1639,741,63975.819863598634
1634,28113000305,1389,336,55349.45072024618
1635,28113000306,1600,422,65147.15787270407
1636,28113000401,1883,260,83114.24349314831
1637,28113000402,1272,498,53050.59100641
1638,28113000403,1686,919,69843.09443469245
1639,28113000404,1433,751,60519.18065488787
1640,28113000405,2246,769,95149.52703738755
1641,28113000406,1684,358,71310.54966167714
1642,28113000501,2044,1111,68730.79591977493
1643,28113000503,2118,1304,87365.26403985509
1644,28113000504,1334,518,54885.68987821925
1645,28113000505,1817,748,66587.06844363101
1646,28113000506,737,294,25968.088874005116
1647,28115000101,472,49,12753.200501238838
1648,28115000102,1317,44,36466.27442799933
1649,28115000103,627,69,17652.024598531814
1650,28115000104,1197,87,33862.1611051232
1651,28115000106,811,128,22847.134654174377
1652,28115000107,540,42,15308.626723946873
1653,28115000108,2010,178,53935.08081671152
1654,28115000201,1078,24,30019.12761779968
1655,28115000202,1130,33,30441.29803711212
1656,28115000203,1072,55,29692.558458659507
1657,28115000204,538,41,14969.785379091329
1658,28115000205,757,33,20568.267574638678
1659,28115000206,1158,159,32613.168993348594
1660,28115000301,1556,27,44629.461182491585
1661,28115000303,1590,171,45410.230861888886
1662,28115000304,2255,438,64155.617620149176
1663,28115000305,681,16,20288.76789286627
1664,28115000306,156,21,4778.760734622849
1665,28115000401,1398,476,39893.07375459234
1666,28115000402,1308,247,37589.50440790467
1667,28115000403,543,214,15541.170565547489
1668,28115000404,1368,547,39389.065149390204
1669,28115000405,1024,177,29871.76518739982
1670,28115000406,323,33,9472.891702902334
1671,28115000501,1197,191,34496.994327750814
1672,28115000502,1221,123,36116.946910543644
1673,28115000503,1238,125,36888.49110147252
1674,28115000504,2619,460,74671.11726825248
1675,28117000101,1336,16,36952.87188927844
1676,28117000103,902,155,25378.370329739308
1677,28117000104,3284,445,90633.93250726667
1678,28117000202,1239,55,34081.47412348012
1679,28117000203,712,40,19767.26267063567
1680,28117000205,3392,307,94021.57547065854
1681,28117000302,1770,209,48756.45470404779
1682,28117000303,547,28,15013.93740158771
1683,28117000304,2547,1043,70125.53533663266
1684,28117000402,1042,0,28914.561975574165
1685,28117000404,1204,4,33374.668179223794
1686,28117000405,2410,315,66346.03600098209
1687,28117000501,872,45,23829.257300815774
1688,28117000502,1797,7,49566.800909705635
1689,28117000504,1954,878,53870.36073398353
1690,28119000101,690,622,27493.586194671483
1691,28119000102,339,308,13008.612784221044
1692,28119000103,256,185,10346.695493606341
1693,28119000202,989,802,40533.60408004291
1694,28119000301,716,423,29227.513087531443
1695,28119000302,598,327,24507.921400302923
1696,28119000401,592,498,24252.283687116946
1697,28119000402,758,614,31571.288494096
1698,28119000501,726,614,30028.647450027776
1699,28119000502,512,153,21099.71868641984
1700,28121000101,1557,253,69416.59276145241
1701,28121000102,2861,129,130652.171511724
1702,28121000103,4959,828,225633.8673692715
1703,28121000104,858,94,38050.359086043194
1704,28121000105,2716,588,124608.71263660176
1705,28121000106,5776,1125,264857.5196093297
1706,28121000107,1454,275,64219.52461488455
1707,28121000109,3780,408,172186.7810818922
1708,28121000110,3321,1082,152315.81287149544
1709,28121000201,5717,1025,263236.9434202758
1710,28121000202,3125,738,143614.0371927138
1711,28121000203,3720,467,168731.14246079055
1712,28121000204,5176,1081,238663.40155627177
1713,28121000205,1684,237,77791.33912755387
1714,28121000206,3199,364,147374.4849889967
1715,28121000207,3806,304,174078.8750674977
1716,28121000208,2185,95,100140.703931735
1717,28121000209,6107,1007,281113.3018805043
1718,28121000210,5525,1025,253042.1543170604
1719,28121000301,1787,337,77258.83751757327
1720,28121000302,1679,373,76858.51495875827
1721,28121000303,2804,913,124292.00022348088
1722,28121000304,1230,320,56065.29706746377
1723,28121000305,1904,321,87340.45184774025
1724,28121000308,3779,862,173072.50875979624
1725,28121000309,1084,213,46837.9495571322
1726,28121000310,5818,3328,266441.20854446426
1727,28121000311,905,124,39221.18509280357
1728,28121000312,9165,2466,415834.52163326764
1729,28121000313,1098,168,47797.3504623952
1730,28121000315,1975,108,88351.64536522556
1731,28121000401,1030,75,44623.98780923172
1732,28121000402,1486,88,66154.6753366753
1733,28121000403,4095,999,186851.9993768063
1734,28121000404,3328,346,152356.9155247148
1735,28121000405,3688,759,163716.76768005057
1736,28121000408,5209,1144,235801.34617088037
1737,28121000409,1191,349,53313.081176116466
1738,28121000410,602,144,26376.048845032135
1739,28121000411,3664,626,165179.03064302617
1740,28121000412,4242,571,193969.75922826768
1741,28121000413,2948,447,133320.45138258932
1742,28121000501,2470,353,113133.41562709841
1743,28121000502,1935,185,88939.00659035986
1744,28121000504,6066,1811,278043.61988285894
1745,28121000505,4436,1022,203479.02029005112
1746,28121000507,4945,1956,227116.054532436
1747,28121000508,4942,897,228020.1983587422
1748,28123000101,1854,1043,80910.04107425363
1749,28123000102,1908,1052,82675.63790108106
1750,28123000103,1851,1262,79483.38229951076
1751,28123000201,3182,1062,136554.8066121732
1752,28123000202,629,64,25865.868907306052
1753,28123000203,655,323,26386.637947397452
1754,28123000204,570,259,23627.335254593927
1755,28123000205,609,137,25934.04011234915
1756,28123000301,3239,827,139300.09943697372
1757,28123000302,396,92,17001.786020694544
1758,28123000303,719,131,30651.826466351373
1759,28123000304,1280,56,54980.53662927644
1760,28123000401,591,394,26024.11183413678
1761,28123000402,172,35,7513.047308038951
1762,28123000403,477,27,20817.583633201986
1763,28123000404,2382,853,101872.58981515259
1764,28123000405,1007,174,44318.63806335767
1765,28123000406,891,234,39320.472004254945
1766,28123000501,887,83,37691.03981827369
1767,28123000502,1087,613,45362.53050091336
1768,28123000503,823,133,35117.87239161396
1769,28123000504,1488,330,63505.70403838213
1770,28123000505,1293,739,55530.928702889316
1771,28125000101,514,316,27134.01883238115
1772,28125000102,50,42,2646.8218178866496
1773,28125000103,25,4,1304.6239154820523
1774,28125000104,1070,641,56694.384950214255
1775,28125000105,780,695,41350.029972759614
1776,28125000106,152,139,8056.888074825495
1777,28125000107,521,344,27600.637260066127
1778,28125000108,90,44,4773.362171582087
1779,28125000109,335,222,17893.71938921079
1780,28125000110,263,224,13955.925680115866
1781,28127000101,1204,906,50282.71561419097
1782,28127000102,827,547,35099.455819213654
1783,28127000103,1622,1211,67561.15129187901
1784,28127000104,591,338,25003.75923500018
1785,28127000105,250,151,10573.352970149263
1786,28127000201,529,284,21405.528587206067
1787,28127000202,616,319,25206.490762615333
1788,28127000203,562,206,23403.004254574913
1789,28127000204,413,105,17125.21256585528
1790,28127000205,1671,598,69988.82210096331
1791,28127000206,320,254,13281.619410573305
1792,28127000207,182,41,7511.100552346508
1793,28127000208,838,223,34892.50459843736
1794,28127000301,898,207,37730.01383717228
1795,28127000302,2037,492,86885.48453691803
1796,28127000303,558,72,23873.984972941078
1797,28127000304,1498,181,62068.191276194564
1798,28127000401,907,233,37923.284596076606
1799,28127000402,2219,583,92332.29857073374
1800,28127000403,737,194,30107.990403381402
1801,28127000404,248,30,10232.524905087168
1802,28127000405,730,418,30694.34679982794
1803,28127000406,569,303,23677.896555865518
1804,28127000407,231,39,9663.972101192212
1805,28127000501,1456,56,61648.712654843075
1806,28127000502,1209,116,50396.71587271146
1807,28127000503,655,397,27693.85332419705
1808,28127000504,1450,141,62543.083290443166
1809,28127000505,867,157,38207.44010161554
1810,28127000506,55,1,2439.9442828622437
1811,28129000101,660,59,24564.195193076248
1812,28129000102,300,18,10931.763924946074
1813,28129000103,1091,157,43395.98484170006
1814,28129000201,779,212,26424.52911241238
1815,28129000202,1179,738,40018.877269605284
1816,28129000203,581,502,20669.045279973016
1817,28129000301,1279,250,49724.79882403412
1818,28129000302,1511,281,53926.16158895468
1819,28129000303,1026,41,40009.14147165032
1820,28129000401,577,25,23921.54335791872
1821,28129000402,748,37,30600.05689909603
1822,28129000403,607,62,25738.482524383253
1823,28129000404,928,41,39858.972557996334
1824,28129000501,1016,350,41875.64624668914
1825,28129000502,522,135,21867.538314745016
1826,28129000503,568,62,22546.809753550602
1827,28129000504,598,82,25186.339404422244
1828,28129000505,239,59,9253.670794322632
1829,28131000102,1096,218,24299.64057114649
1830,28131000103,563,93,12485.33621573788
1831,28131000201,437,318,9688.599369369982
1832,28131000501,138,5,3056.3708347347565
