,block_vtda,DISTRICT
0,35001000001,23
1,35001000002,9
2,35001000003,10
3,35001000004,10
4,35001000005,10
5,35001000006,10
6,35001000007,13
7,35001000008,10
8,35001000009,10
9,35001000010,10
10,35001000011,10
11,35001000012,10
12,35001000013,10
13,35001000014,13
14,35001000015,13
15,35001000016,13
16,35001000017,13
17,35001000018,13
18,35001000019,10
19,35001000020,23
20,35001000021,23
21,35001000022,23
22,35001000023,26
23,35001000024,23
24,35001000025,23
25,35001000026,23
26,35001000027,26
27,35001000028,26
28,35001000029,26
29,35001000030,23
30,35001000031,22
31,35001000032,11
32,35001000033,26
33,35001000034,26
34,35001000035,26
35,35001000036,26
36,35001000037,26
37,35001000038,26
38,35001000039,26
39,35001000040,26
40,35001000041,11
41,35001000042,14
42,35001000043,11
43,35001000044,11
44,35001000045,11
45,35001000046,26
46,35001000047,26
47,35001000048,26
48,35001000049,11
49,35001000050,11
50,35001000051,11
51,35001000052,14
52,35001000053,11
53,35001000054,14
54,35001000055,23
55,35001000056,11
56,35001000057,23
57,35001000058,30
58,35001000059,11
59,35001000060,11
60,35001000061,26
61,35001000062,26
62,35001000063,14
63,35001000064,11
64,35001000065,11
65,35001000066,11
66,35001000067,14
67,35001000068,12
68,35001000069,12
69,35001000070,26
70,35001000071,11
71,35001000072,14
72,35001000073,14
73,35001000074,11
74,35001000075,14
75,35001000076,14
76,35001000077,14
77,35001000078,9
78,35001000079,9
79,35001000080,12
80,35001000081,23
81,35001000082,10
82,35001000083,10
83,35001000084,9
84,35001000085,10
85,35001000086,10
86,35001000087,23
87,35001000088,30
88,35001000089,9
89,35001000090,14
90,35001000091,14
91,35001000092,14
92,35001000093,30
93,35001000094,14
94,35001000095,13
95,35001000096,14
96,35001000097,14
97,35001000098,14
98,35001000099,14
99,35001000100,10
100,35001000101,16
101,35001000102,16
102,35001000103,13
103,35001000104,13
104,35001000105,13
105,35001000106,13
106,35001000107,16
107,35001000108,10
108,35001000109,14
109,35001000110,23
110,35001000111,10
111,35001000112,10
112,35001000113,10
113,35001000114,10
114,35001000115,23
115,35001000116,12
116,35001000117,23
117,35001000118,23
118,35001000119,26
119,35001000120,26
120,35001000121,10
121,35001000122,13
122,35001000123,13
123,35001000124,13
124,35001000125,13
125,35001000126,10
126,35001000127,12
127,35001000128,12
128,35001000129,23
129,35001000130,11
130,35001000131,13
131,35001000132,13
132,35001000133,13
133,35001000134,26
134,35001000135,13
135,35001000136,23
136,35001000137,11
137,35001000138,11
138,35001000139,11
139,35001000140,11
140,35001000141,14
141,35001000142,14
142,35001000143,14
143,35001000144,14
144,35001000145,14
145,35001000146,14
146,35001000147,11
147,35001000148,11
148,35001000149,11
149,35001000150,10
150,35001000151,10
151,35001000152,10
152,35001000153,10
153,35001000154,10
154,35001000155,10
155,35001000156,26
156,35001000157,26
157,35001000158,26
158,35001000159,26
159,35001000160,26
160,35001000161,13
161,35001000162,10
162,35001000163,10
163,35001000164,13
164,35001000165,13
165,35001000166,10
166,35001000167,26
167,35001000168,23
168,35001000169,26
169,35001000170,23
170,35001000171,9
171,35001000172,9
172,35001000173,9
173,35001000174,12
174,35001000175,12
175,35001000176,23
176,35001000177,12
177,35001000178,26
178,35001000179,9
179,35001000180,10
180,35001000181,10
181,35001000182,10
182,35001000183,10
183,35001000184,10
184,35001000185,13
185,35001000186,13
186,35001000187,13
187,35001000188,13
188,35001000189,26
189,35001000190,11
190,35001000191,13
191,35001000192,13
192,35001000193,13
193,35001000194,13
194,35001000195,13
195,35001000196,13
196,35001000197,13
197,35001000198,26
198,35001000199,26
199,35001000200,9
200,35001000201,10
201,35001000202,10
202,35001000203,10
203,35001000204,10
204,35001000205,10
205,35001000206,23
206,35001000207,23
207,35001000208,23
208,35001000209,23
209,35001000210,23
210,35001000211,13
211,35001000212,13
212,35001000213,14
213,35001000214,13
214,35001000215,13
215,35001000216,13
216,35001000218,13
217,35001000219,10
218,35001000220,10
219,35001000221,13
220,35001000222,10
221,35001000223,16
222,35001000224,13
223,35001000225,13
224,35001000226,13
225,35001000227,23
226,35001000228,23
227,35001000229,23
228,35001000230,12
229,35001000231,23
230,35001000232,9
231,35001000233,23
232,35001000234,26
233,35001000235,16
234,35001000236,11
235,35001000237,11
236,35001000239,11
237,35001000240,11
238,35001000241,16
239,35001000242,16
240,35001000243,16
241,35001000244,16
242,35001000245,16
243,35001000246,16
244,35001000247,14
245,35001000248,9
246,35001000249,23
247,35001000250,30
248,35001000251,16
249,35001000252,16
250,35001000253,16
251,35001000254,16
252,35001000255,16
253,35001000256,16
254,35001000258,16
255,35001000259,13
256,35001000260,14
257,35001000261,12
258,35001000262,14
259,35001000263,26
260,35001000264,23
261,35001000265,23
262,35001000266,16
263,35001000267,11
264,35001000268,14
265,35001000269,14
266,35001000270,14
267,35001000271,16
268,35001000272,16
269,35001000273,16
270,35001000274,16
271,35001000275,17
272,35001000276,10
273,35001000277,10
274,35001000278,16
275,35001000279,10
276,35001000280,17
277,35001000281,17
278,35001000282,17
279,35001000283,17
280,35001000284,17
281,35001000285,17
282,35001000286,17
283,35001000287,17
284,35001000288,14
285,35001000289,16
286,35001000290,16
287,35001000291,17
288,35001000292,17
289,35001000293,20
290,35001000294,19
291,35001000295,19
292,35001000296,17
293,35001000297,20
294,35001000298,20
295,35001000299,20
296,35001000300,20
297,35001000301,19
298,35001000302,19
299,35001000303,19
300,35001000304,19
301,35001000305,20
302,35001000306,20
303,35001000307,19
304,35001000308,20
305,35001000309,19
306,35001000310,17
307,35001000311,17
308,35001000312,17
309,35001000313,18
310,35001000314,18
311,35001000315,18
312,35001000316,18
313,35001000317,18
314,35001000318,17
315,35001000319,17
316,35001000320,17
317,35001000321,17
318,35001000322,17
319,35001000323,17
320,35001000324,16
321,35001000325,16
322,35001000326,17
323,35001000327,17
324,35001000328,17
325,35001000329,17
326,35001000330,17
327,35001000331,17
328,35001000332,16
329,35001000333,19
330,35001000334,19
331,35001000335,20
332,35001000336,17
333,35001000337,17
334,35001000338,13
335,35001000339,21
336,35001000340,14
337,35001000341,13
338,35001000342,16
339,35001000343,16
340,35001000344,16
341,35001000345,13
342,35001000346,15
343,35001000347,15
344,35001000348,20
345,35001000349,16
346,35001000350,16
347,35001000351,16
348,35001000352,16
349,35001000353,16
350,35001000354,16
351,35001000355,16
352,35001000356,16
353,35001000357,16
354,35001000358,16
355,35001000359,15
356,35001000360,21
357,35001000361,21
358,35001000362,21
359,35001000363,16
360,35001000364,20
361,35001000365,18
362,35001000366,18
363,35001000367,11
364,35001000368,18
365,35001000369,13
366,35001000370,15
367,35001000371,16
368,35001000372,18
369,35001000373,18
370,35001000374,16
371,35001000375,15
372,35001000376,18
373,35001000377,16
374,35001000378,17
375,35001000379,17
376,35001000380,18
377,35001000381,16
378,35001000382,16
379,35001000383,16
380,35001000384,16
381,35001000385,16
382,35001000386,16
383,35001000387,16
384,35001000388,18
385,35001000389,20
386,35001000390,21
387,35001000391,20
388,35001000392,19
389,35001000393,19
390,35001000394,26
391,35001000395,20
392,35001000396,18
393,35001000397,18
394,35001000398,21
395,35001000399,26
396,35001000400,15
397,35001000401,15
398,35001000402,15
399,35001000403,15
400,35001000404,15
401,35001000405,15
402,35001000406,15
403,35001000407,15
404,35001000408,15
405,35001000409,15
406,35001000410,21
407,35001000411,15
408,35001000412,18
409,35001000413,18
410,35001000414,18
411,35001000415,18
412,35001000416,18
413,35001000417,18
414,35001000418,21
415,35001000419,21
416,35001000420,21
417,35001000421,15
418,35001000422,21
419,35001000423,21
420,35001000424,21
421,35001000425,21
422,35001000426,21
423,35001000427,21
424,35001000428,18
425,35001000429,21
426,35001000430,21
427,35001000431,15
428,35001000432,15
429,35001000433,15
430,35001000434,15
431,35001000435,15
432,35001000436,15
433,35001000437,15
434,35001000438,15
435,35001000439,15
436,35001000440,15
437,35001000441,15
438,35001000442,15
439,35001000443,15
440,35001000444,15
441,35001000445,15
442,35001000446,15
443,35001000447,21
444,35001000448,21
445,35001000449,18
446,35001000450,18
447,35001000451,18
448,35001000452,18
449,35001000453,18
450,35001000454,18
451,35001000455,13
452,35001000456,21
453,35001000457,21
454,35001000458,21
455,35001000459,21
456,35001000460,21
457,35001000461,18
458,35001000462,18
459,35001000463,18
460,35001000464,20
461,35001000465,18
462,35001000466,15
463,35001000467,21
464,35001000468,21
465,35001000469,21
466,35001000470,21
467,35001000471,18
468,35001000472,20
469,35001000473,20
470,35001000474,20
471,35001000475,18
472,35001000476,17
473,35001000477,17
474,35001000478,17
475,35001000479,21
476,35001000480,20
477,35001000481,15
478,35001000482,18
479,35001000483,18
480,35001000484,18
481,35001000485,21
482,35001000486,21
483,35001000487,21
484,35001000488,15
485,35001000489,21
486,35001000490,15
487,35001000491,15
488,35001000492,15
489,35001000493,15
490,35001000494,15
491,35001000495,18
492,35001000496,15
493,35001000497,15
494,35001000498,15
495,35001000499,15
496,35001000500,15
497,35001000501,21
498,35001000502,18
499,35001000503,20
500,35001000504,20
501,35001000505,20
502,35001000506,20
503,35001000507,18
504,35001000508,18
505,35001000509,18
506,35001000510,21
507,35001000511,15
508,35001000512,18
509,35001000513,15
510,35001000514,18
511,35001000515,18
512,35001000516,20
513,35001000517,18
514,35001000518,18
515,35001000519,20
516,35001000520,21
517,35001000521,18
518,35001000522,18
519,35001000523,18
520,35001000524,18
521,35001000525,20
522,35001000526,20
523,35001000527,20
524,35001000528,18
525,35001000529,18
526,35001000530,20
527,35001000531,20
528,35001000532,20
529,35001000533,20
530,35001000534,20
531,35001000535,20
532,35001000536,20
533,35001000537,20
534,35001000538,18
535,35001000539,19
536,35001000540,20
537,35001000541,21
538,35001000542,20
539,35001000543,20
540,35001000544,20
541,35001000545,20
542,35001000546,20
543,35001000547,20
544,35001000548,20
545,35001000549,20
546,35001000550,20
547,35001000551,19
548,35001000552,19
549,35001000553,19
550,35001000554,19
551,35001000555,19
552,35001000556,19
553,35001000557,19
554,35001000558,19
555,35001000559,19
556,35001000560,21
557,35001000561,20
558,35001000562,18
559,35001000563,18
560,35001000564,20
561,35001000565,20
562,35001000566,20
563,35001000567,19
564,35001000568,21
565,35001000569,19
566,35001000570,19
567,35001000571,19
568,35001000572,19
569,35001000573,19
570,35001000574,19
571,35001000575,19
572,35001000576,19
573,35001000577,19
574,35001000578,19
575,35001000579,19
576,35001000580,19
577,35001000581,15
578,35001000582,19
579,35001000583,18
580,35001000584,21
581,35001000585,21
582,35001000586,21
583,35001000587,21
584,35001000588,21
585,35001000589,21
586,35001000590,21
587,35001000591,17
588,35001000592,21
589,35001000593,21
590,35001000594,21
591,35001000595,19
592,35001000596,19
593,35001000597,19
594,35001000598,21
595,35001000599,26
596,35001000600,14
597,35001000601,21
598,35001000602,21
599,35001000603,20
600,35001000604,11
601,35001000605,10
602,35001000606,23
603,35001000607,26
604,35001000608,21
605,35001000609,23
606,35001000610,12
607,35001000611,23
608,35001000612,23
609,35001000613,13
610,35003000001,35
611,35003000002,35
612,35003000003,35
613,35003000004,35
614,35003000005,35
615,35003000006,35
616,35003000007,35
617,35003000008,35
618,35003000009,35
619,35005000001,27
620,35005000002,27
621,35005000003,27
622,35005000004,27
623,35005000005,27
624,35005000006,27
625,35005000007,27
626,35005000008,27
627,35005000009,27
628,35005000010,27
629,35005000011,27
630,35005000012,27
631,35005000013,27
632,35005000014,32
633,35005000015,32
634,35005000016,32
635,35005000017,27
636,35005000020,27
637,35005000021,27
638,35005000022,27
639,35005000023,32
640,35005000024,32
641,35005000025,32
642,35005000031,32
643,35005000032,32
644,35005000033,32
645,35005000034,32
646,35005000035,32
647,35005000036,33
648,35005000041,27
649,35005000042,32
650,35005000043,27
651,35005000044,27
652,35005000045,27
653,35005000046,27
654,35005000047,42
655,35005000051,32
656,35005000052,32
657,35005000061,32
658,35005000062,32
659,35005000063,32
660,35005000064,32
661,35005000071,32
662,35005000072,32
663,35005000073,32
664,35005000074,32
665,35005000081,32
666,35005000082,32
667,35005000083,32
668,35005000084,32
669,35005000085,32
670,35005000090,32
671,35005000091,32
672,35005000092,32
673,35005000093,32
674,35005000094,32
675,35005000095,32
676,35005000101,32
677,35005000102,32
678,35005000103,32
679,35005000104,32
680,35005000105,33
681,35005000106,32
682,35006000001,30
683,35006000002,30
684,35006000003,30
685,35006000004,4
686,35006000005,4
687,35006000006,4
688,35006000007,4
689,35006000008,4
690,35006000009,30
691,35006000010,4
692,35006000011,4
693,35006000012,4
694,35006000013,4
695,35006000014,4
696,35006000015,4
697,35006000016,4
698,35006000017,30
699,35006000018,30
700,35006000019,30
701,35006000020,30
702,35006000021,30
703,35006000022,30
704,35006000023,30
705,35006000024,30
706,35006000025,30
707,35006000026,4
708,35006000027,30
709,35006000028,4
710,35006000029,30
711,35007000001,8
712,35007000002,8
713,35007000003,8
714,35007000004,8
715,35007000005,8
716,35007000007,8
717,35007000008,8
718,35007000009,8
719,35007000010,8
720,35007000011,8
721,35007000012,8
722,35007000013,8
723,35007000014,8
724,35007000015,8
725,35007000016,8
726,35007000017,8
727,35007000018,8
728,35007000019,8
729,35007000020,8
730,35007000021,8
731,35007000022,8
732,35009000001,7
733,35009000002,7
734,35009000003,7
735,35009000004,7
736,35009000005,27
737,35009000006,7
738,35009000007,7
739,35009000008,7
740,35009000009,7
741,35009000010,7
742,35009000011,7
743,35009000012,7
744,35009000013,7
745,35009000014,7
746,35009000015,7
747,35009000016,7
748,35009000017,7
749,35009000018,7
750,35009000019,7
751,35009000020,7
752,35009000021,7
753,35009000022,7
754,35009000023,7
755,35009000024,7
756,35009000025,7
757,35009000026,7
758,35009000027,7
759,35009000028,27
760,35009000029,27
761,35009000030,27
762,35009000031,27
763,35009000032,7
764,35009000033,27
765,35009000034,7
766,35009000035,7
767,35009000036,27
768,35009000037,7
769,35009000038,7
770,35009000039,7
771,35009000040,7
772,35009000041,7
773,35009000042,7
774,35011000001,27
775,35011000002,27
776,35011000003,27
777,35011000004,27
778,35013000001,36
779,35013000002,36
780,35013000003,35
781,35013000004,36
782,35013000005,35
783,35013000006,37
784,35013000007,38
785,35013000008,38
786,35013000009,38
787,35013000010,38
788,35013000011,31
789,35013000012,31
790,35013000013,31
791,35013000014,38
792,35013000015,31
793,35013000016,38
794,35013000017,38
795,35013000018,38
796,35013000019,38
797,35013000020,36
798,35013000021,35
799,35013000022,36
800,35013000023,38
801,35013000024,36
802,35013000025,36
803,35013000026,37
804,35013000027,37
805,35013000028,37
806,35013000029,36
807,35013000030,36
808,35013000031,38
809,35013000032,36
810,35013000033,36
811,35013000034,36
812,35013000035,36
813,35013000036,36
814,35013000037,38
815,35013000038,38
816,35013000039,38
817,35013000040,38
818,35013000041,36
819,35013000042,36
820,35013000043,36
821,35013000044,36
822,35013000045,37
823,35013000046,37
824,35013000047,37
825,35013000048,36
826,35013000049,38
827,35013000050,37
828,35013000051,37
829,35013000052,37
830,35013000053,38
831,35013000054,38
832,35013000055,38
833,35013000056,38
834,35013000057,38
835,35013000058,38
836,35013000059,37
837,35013000060,36
838,35013000061,36
839,35013000062,35
840,35013000063,36
841,35013000064,35
842,35013000065,35
843,35013000066,35
844,35013000067,37
845,35013000068,37
846,35013000069,37
847,35013000070,37
848,35013000071,37
849,35013000072,37
850,35013000073,37
851,35013000074,31
852,35013000075,31
853,35013000076,31
854,35013000077,37
855,35013000078,38
856,35013000079,38
857,35013000080,31
858,35013000081,31
859,35013000082,38
860,35013000083,36
861,35013000084,36
862,35013000085,36
863,35013000086,36
864,35013000087,36
865,35013000088,36
866,35013000089,36
867,35013000090,36
868,35013000091,37
869,35013000092,36
870,35013000093,36
871,35013000094,36
872,35013000095,36
873,35013000096,38
874,35013000097,31
875,35013000098,38
876,35013000099,36
877,35013000100,35
878,35013000101,38
879,35013000102,37
880,35013000103,37
881,35013000104,31
882,35013000105,35
883,35013000106,37
884,35013000107,35
885,35013000108,38
886,35013000109,36
887,35013000110,37
888,35013000111,36
889,35013000112,37
890,35013000113,37
891,35013000114,31
892,35013000115,36
893,35013000116,37
894,35013000117,37
895,35013000118,35
896,35013000119,35
897,35013000120,31
898,35013000121,35
899,35013000122,35
900,35013000123,36
901,35013000124,36
902,35013000125,36
903,35013000126,36
904,35013000127,36
905,35013000128,35
906,35013000129,35
907,35013000130,37
908,35013000131,37
909,35013000132,35
910,35013000133,37
911,35013000134,35
912,35013000135,36
913,35013000136,36
914,35013000137,37
915,35013000138,37
916,35013000139,37
917,35013000140,37
918,35013000141,37
919,35013000142,37
920,35013000143,37
921,35013000144,37
922,35013000145,36
923,35013000146,38
924,35013000147,38
925,35013000148,38
926,35013000149,37
927,35013000150,38
928,35013000151,38
929,35013000152,31
930,35013000153,37
931,35013000154,38
932,35013000155,38
933,35013000156,38
934,35013000157,31
935,35013000158,31
936,35013000159,31
937,35013000160,31
938,35013000161,31
939,35013000162,31
940,35013000163,31
941,35013000164,31
942,35013000165,31
943,35013000166,31
944,35013000167,31
945,35013000168,31
946,35013000169,31
947,35013000170,31
948,35015000001,32
949,35015000002,32
950,35015000003,32
951,35015000004,32
952,35015000005,42
953,35015000006,34
954,35015000007,34
955,35015000008,32
956,35015000009,41
957,35015000010,41
958,35015000011,41
959,35015000012,42
960,35015000013,34
961,35015000014,34
962,35015000015,34
963,35015000016,34
964,35015000017,34
965,35015000018,34
966,35015000019,42
967,35015000020,42
968,35015000021,34
969,35015000022,32
970,35015000023,34
971,35015000024,42
972,35015000025,34
973,35015000026,34
974,35015000027,42
975,35015000028,42
976,35015000029,34
977,35015000030,34
978,35015000031,32
979,35015000032,41
980,35015000033,41
981,35015000034,34
982,35015000035,34
983,35015000036,42
984,35015000037,42
985,35015000038,34
986,35015000039,42
987,35015000040,34
988,35015000041,32
989,35015000042,42
990,35015000043,32
991,35015000044,41
992,35015000045,42
993,35015000046,42
994,35015000047,42
995,35015000048,42
996,35015000049,41
997,35015000050,41
998,35015000051,41
999,35015000052,41
1000,35015000053,32
1001,35017000001,35
1002,35017000002,35
1003,35017000003,35
1004,35017000004,35
1005,35017000005,35
1006,35017000006,35
1007,35017000007,28
1008,35017000008,28
1009,35017000009,28
1010,35017000010,35
1011,35017000011,28
1012,35017000012,28
1013,35017000013,28
1014,35017000014,28
1015,35017000015,28
1016,35017000016,28
1017,35017000017,28
1018,35017000018,28
1019,35017000019,28
1020,35017000020,28
1021,35017000021,28
1022,35017000022,28
1023,35017000023,28
1024,35017000024,28
1025,35017000025,28
1026,35017000026,28
1027,35017000027,28
1028,35017000028,28
1029,35017000029,28
1030,35017000030,28
1031,35017000031,28
1032,35017000032,28
1033,35017000033,28
1034,35017000034,28
1035,35017000035,35
1036,35017000036,28
1037,35017000037,28
1038,35017000038,28
1039,35017000039,28
1040,35019000001,8
1041,35019000002,8
1042,35019000003,8
1043,35019000004,8
1044,35019000005,8
1045,35021000001,8
1046,35021000002,8
1047,35021000003,7
1048,35023000001,28
1049,35023000002,28
1050,35023000003,28
1051,35023000004,35
1052,35023000005,28
1053,35023000006,28
1054,35025000002,27
1055,35025000003,27
1056,35025000009,41
1057,35025000010,42
1058,35025000011,41
1059,35025000012,41
1060,35025000013,42
1061,35025000014,41
1062,35025000015,41
1063,35025000016,41
1064,35025000017,41
1065,35025000018,42
1066,35025000019,42
1067,35025000020,42
1068,35025000021,42
1069,35025000022,42
1070,35025000023,42
1071,35025000024,42
1072,35025000025,42
1073,35025000026,42
1074,35025000027,42
1075,35025000028,42
1076,35025000029,42
1077,35025000030,42
1078,35025000031,41
1079,35025000032,41
1080,35025000033,42
1081,35025000034,41
1082,35025000035,41
1083,35025000036,41
1084,35025000041,42
1085,35025000042,42
1086,35025000043,42
1087,35025000044,42
1088,35025000051,41
1089,35025000052,41
1090,35025000053,41
1091,35025000054,41
1092,35025000055,41
1093,35025000056,42
1094,35025000057,42
1095,35025000058,41
1096,35025000059,41
1097,35025000061,41
1098,35025000062,41
1099,35025000071,41
1100,35025000072,41
1101,35025000073,41
1102,35025000074,41
1103,35027000001,33
1104,35027000002,33
1105,35027000003,33
1106,35027000004,33
1107,35027000005,33
1108,35027000006,33
1109,35027000007,33
1110,35027000008,33
1111,35027000009,33
1112,35027000010,33
1113,35027000011,33
1114,35027000012,33
1115,35027000013,33
1116,35027000014,33
1117,35027000015,33
1118,35027000016,33
1119,35027000017,33
1120,35027000018,33
1121,35027000019,33
1122,35027000020,33
1123,35027000021,33
1124,35027000022,33
1125,35027000023,33
1126,35027000024,33
1127,35027000025,33
1128,35027000026,33
1129,35027000027,33
1130,35027000028,33
1131,35028000001,6
1132,35028000002,6
1133,35028000003,6
1134,35028000004,6
1135,35028000005,6
1136,35028000006,6
1137,35028000007,6
1138,35028000008,5
1139,35028000009,5
1140,35028000010,5
1141,35028000011,5
1142,35028000012,5
1143,35028000013,5
1144,35028000014,5
1145,35028000015,5
1146,35028000016,5
1147,35028000017,5
1148,35028000018,5
1149,35028000019,5
1150,35028000020,5
1151,35028000021,5
1152,35029000001,28
1153,35029000002,35
1154,35029000003,35
1155,35029000004,28
1156,35029000005,28
1157,35029000006,28
1158,35029000007,28
1159,35029000008,28
1160,35029000009,28
1161,35029000010,28
1162,35029000011,28
1163,35029000012,28
1164,35029000013,28
1165,35029000014,28
1166,35029000015,28
1167,35029000016,28
1168,35029000017,28
1169,35031000001,4
1170,35031000002,3
1171,35031000003,4
1172,35031000004,4
1173,35031000005,3
1174,35031000006,3
1175,35031000007,3
1176,35031000008,3
1177,35031000009,22
1178,35031000010,22
1179,35031000011,22
1180,35031000012,22
1181,35031000013,22
1182,35031000014,22
1183,35031000015,22
1184,35031000016,22
1185,35031000017,4
1186,35031000018,4
1187,35031000019,4
1188,35031000020,3
1189,35031000021,3
1190,35031000022,4
1191,35031000023,4
1192,35031000024,4
1193,35031000025,4
1194,35031000026,4
1195,35031000027,30
1196,35031000028,4
1197,35031000029,30
1198,35031000030,30
1199,35031000031,3
1200,35031000032,3
1201,35031000033,3
1202,35031000034,3
1203,35031000035,3
1204,35031000036,3
1205,35031000037,3
1206,35031000038,3
1207,35031000039,3
1208,35031000040,3
1209,35031000041,3
1210,35031000042,3
1211,35031000043,3
1212,35031000044,4
1213,35031000045,4
1214,35031000046,4
1215,35031000047,3
1216,35031000048,4
1217,35031000049,3
1218,35031000050,3
1219,35031000051,22
1220,35031000052,4
1221,35031000053,4
1222,35031000054,4
1223,35031000055,4
1224,35031000056,4
1225,35031000057,4
1226,35031000058,3
1227,35031000059,3
1228,35031000060,22
1229,35031000061,22
1230,35031000062,22
1231,35031000063,3
1232,35031000064,4
1233,35031000065,4
1234,35033000001,8
1235,35033000002,8
1236,35033000003,8
1237,35033000004,8
1238,35033000005,8
1239,35033000006,8
1240,35033000007,8
1241,35033000008,8
1242,35033000009,8
1243,35033000010,8
1244,35033000011,8
1245,35035000001,34
1246,35035000002,34
1247,35035000003,34
1248,35035000004,34
1249,35035000005,34
1250,35035000006,34
1251,35035000007,34
1252,35035000008,34
1253,35035000009,34
1254,35035000010,33
1255,35035000011,33
1256,35035000012,33
1257,35035000013,33
1258,35035000014,33
1259,35035000015,34
1260,35035000016,34
1261,35035000017,34
1262,35035000018,34
1263,35035000019,34
1264,35035000020,34
1265,35035000021,34
1266,35035000022,33
1267,35035000023,33
1268,35035000024,33
1269,35035000025,33
1270,35035000026,33
1271,35035000027,33
1272,35035000028,33
1273,35035000029,33
1274,35035000030,33
1275,35035000031,33
1276,35035000032,33
1277,35035000033,33
1278,35035000034,34
1279,35035000035,34
1280,35035000036,34
1281,35035000037,33
1282,35035000038,33
1283,35035000039,33
1284,35035000040,33
1285,35035000041,31
1286,35035000042,31
1287,35035000043,31
1288,35035000044,31
1289,35035000045,31
1290,35035000046,34
1291,35035000047,34
1292,35035000048,34
1293,35035000049,34
1294,35035000050,34
1295,35035000051,33
1296,35035000052,33
1297,35035000053,33
1298,35035000054,33
1299,35035000055,34
1300,35035000056,33
1301,35035000057,34
1302,35035000058,34
1303,35035000059,34
1304,35037000001,7
1305,35037000002,7
1306,35037000003,7
1307,35037000004,7
1308,35037000005,8
1309,35037000006,7
1310,35037000007,7
1311,35037000008,7
1312,35037000009,7
1313,35037000010,7
1314,35037000011,7
1315,35037000012,8
1316,35039000001,5
1317,35039000002,5
1318,35039000003,5
1319,35039000004,5
1320,35039000005,5
1321,35039000006,6
1322,35039000007,5
1323,35039000008,5
1324,35039000009,5
1325,35039000010,5
1326,35039000011,5
1327,35039000012,5
1328,35039000013,6
1329,35039000014,6
1330,35039000015,6
1331,35039000016,6
1332,35039000017,6
1333,35039000018,5
1334,35039000019,5
1335,35039000020,22
1336,35039000021,22
1337,35039000022,5
1338,35039000023,5
1339,35039000024,22
1340,35039000025,22
1341,35039000026,22
1342,35039000027,22
1343,35039000028,5
1344,35039000029,22
1345,35039000030,22
1346,35039000031,5
1347,35039000032,5
1348,35039000033,5
1349,35039000034,5
1350,35039000035,5
1351,35039000036,5
1352,35039000037,5
1353,35039000038,5
1354,35039000039,5
1355,35039000040,5
1356,35039000041,5
1357,35039000042,5
1358,35039000043,5
1359,35039000044,5
1360,35039000045,22
1361,35039000046,5
1362,35041000001,27
1363,35041000002,27
1364,35041000003,27
1365,35041000004,27
1366,35041000005,27
1367,35041000006,27
1368,35041000007,27
1369,35041000008,27
1370,35041000009,27
1371,35041000010,27
1372,35041000011,27
1373,35041000012,27
1374,35041000013,27
1375,35041000014,27
1376,35041000015,27
1377,35041000016,27
1378,35041000017,27
1379,35041000018,27
1380,35041000019,27
1381,35043000001,9
1382,35043000002,9
1383,35043000003,9
1384,35043000004,9
1385,35043000005,9
1386,35043000006,9
1387,35043000007,22
1388,35043000008,22
1389,35043000009,22
1390,35043000010,22
1391,35043000011,9
1392,35043000012,9
1393,35043000013,9
1394,35043000014,22
1395,35043000015,22
1396,35043000016,22
1397,35043000017,22
1398,35043000018,22
1399,35043000019,22
1400,35043000020,22
1401,35043000021,22
1402,35043000022,22
1403,35043000023,22
1404,35043000024,22
1405,35043000025,22
1406,35043000026,22
1407,35043000027,22
1408,35043000028,19
1409,35043000029,9
1410,35043000030,12
1411,35043000031,12
1412,35043000032,12
1413,35043000033,9
1414,35043000034,40
1415,35043000035,9
1416,35043000036,9
1417,35043000037,40
1418,35043000038,9
1419,35043000039,40
1420,35043000040,12
1421,35043000041,12
1422,35043000042,12
1423,35043000043,12
1424,35043000044,12
1425,35043000045,12
1426,35043000046,12
1427,35043000047,40
1428,35043000048,12
1429,35043000049,12
1430,35043000050,40
1431,35043000051,5
1432,35043000052,9
1433,35043000053,9
1434,35043000054,9
1435,35043000055,9
1436,35043000056,9
1437,35043000057,9
1438,35043000058,40
1439,35043000059,9
1440,35043000060,40
1441,35043000061,40
1442,35043000062,12
1443,35043000063,40
1444,35043000064,9
1445,35043000065,22
1446,35043000066,22
1447,35043000067,40
1448,35043000068,40
1449,35043000069,40
1450,35043000070,40
1451,35043000071,40
1452,35043000072,12
1453,35043000073,12
1454,35043000074,9
1455,35043000075,22
1456,35043000076,9
1457,35043000077,22
1458,35043000078,22
1459,35043000079,22
1460,35043000080,40
1461,35043000081,12
1462,35043000082,40
1463,35043000083,40
1464,35043000084,40
1465,35043000085,40
1466,35043000086,12
1467,35043000087,9
1468,35043000088,9
1469,35043000089,9
1470,35043000090,9
1471,35043000091,22
1472,35043000092,9
1473,35043000093,9
1474,35043000094,9
1475,35043000095,22
1476,35043000096,12
1477,35043000097,12
1478,35043000098,9
1479,35043000099,9
1480,35043000100,40
1481,35043000101,40
1482,35043000102,9
1483,35043000103,40
1484,35043000104,40
1485,35043000105,12
1486,35043000106,12
1487,35043000107,12
1488,35043000108,12
1489,35043000109,40
1490,35043000110,40
1491,35043000111,40
1492,35043000112,9
1493,35043000113,9
1494,35043000114,9
1495,35043000115,40
1496,35043000116,40
1497,35043000117,12
1498,35043000118,40
1499,35043000119,9
1500,35043000120,22
1501,35043000121,22
1502,35043000122,22
1503,35043000123,22
1504,35043000124,40
1505,35043000125,40
1506,35043000126,40
1507,35043000127,40
1508,35043000128,12
1509,35043000129,12
1510,35043000130,9
1511,35043000131,9
1512,35043000132,9
1513,35043000133,9
1514,35043000134,40
1515,35043000135,22
1516,35043000136,40
1517,35043000137,40
1518,35043000138,12
1519,35043000139,12
1520,35045000001,3
1521,35045000002,3
1522,35045000003,3
1523,35045000004,3
1524,35045000005,3
1525,35045000006,3
1526,35045000007,3
1527,35045000008,4
1528,35045000009,4
1529,35045000010,4
1530,35045000011,4
1531,35045000012,4
1532,35045000013,3
1533,35045000014,22
1534,35045000015,22
1535,35045000016,22
1536,35045000017,3
1537,35045000018,3
1538,35045000019,1
1539,35045000020,3
1540,35045000021,1
1541,35045000022,1
1542,35045000023,1
1543,35045000024,3
1544,35045000025,1
1545,35045000026,1
1546,35045000027,1
1547,35045000028,1
1548,35045000029,1
1549,35045000030,1
1550,35045000031,1
1551,35045000032,1
1552,35045000033,1
1553,35045000034,1
1554,35045000035,1
1555,35045000036,1
1556,35045000037,1
1557,35045000038,1
1558,35045000039,1
1559,35045000040,1
1560,35045000041,2
1561,35045000042,2
1562,35045000043,1
1563,35045000044,2
1564,35045000045,1
1565,35045000046,1
1566,35045000047,2
1567,35045000048,2
1568,35045000049,1
1569,35045000050,1
1570,35045000051,1
1571,35045000052,1
1572,35045000053,1
1573,35045000054,2
1574,35045000055,2
1575,35045000056,1
1576,35045000057,2
1577,35045000058,2
1578,35045000059,3
1579,35045000060,2
1580,35045000061,2
1581,35045000062,2
1582,35045000063,2
1583,35045000064,2
1584,35045000065,2
1585,35045000066,2
1586,35045000067,2
1587,35045000068,2
1588,35045000069,2
1589,35045000070,2
1590,35045000071,22
1591,35045000072,2
1592,35045000073,2
1593,35045000074,2
1594,35045000075,2
1595,35045000076,2
1596,35045000077,2
1597,35045000078,2
1598,35045000079,2
1599,35045000080,2
1600,35045000081,2
1601,35045000090,2
1602,35045000100,2
1603,35045000101,2
1604,35045000102,2
1605,35045000103,2
1606,35045000104,2
1607,35045000105,1
1608,35045000106,1
1609,35045000107,1
1610,35045000108,3
1611,35045000109,1
1612,35045000110,1
1613,35045000120,3
1614,35045000121,1
1615,35045000130,3
1616,35045000131,3
1617,35047000001,8
1618,35047000002,8
1619,35047000003,8
1620,35047000004,8
1621,35047000005,8
1622,35047000006,8
1623,35047000007,8
1624,35047000008,8
1625,35047000009,8
1626,35047000010,8
1627,35047000011,8
1628,35047000012,8
1629,35047000013,8
1630,35047000014,8
1631,35047000015,8
1632,35047000016,8
1633,35047000017,8
1634,35047000018,39
1635,35047000019,8
1636,35047000020,39
1637,35047000021,8
1638,35047000022,39
1639,35047000023,39
1640,35047000024,39
1641,35047000025,8
1642,35047000026,8
1643,35047000027,8
1644,35047000028,8
1645,35047000029,8
1646,35047000030,8
1647,35047000031,39
1648,35047000032,39
1649,35047000033,8
1650,35049000001,5
1651,35049000002,6
1652,35049000003,6
1653,35049000004,6
1654,35049000005,6
1655,35049000006,25
1656,35049000007,25
1657,35049000008,25
1658,35049000009,25
1659,35049000010,25
1660,35049000011,25
1661,35049000012,39
1662,35049000013,25
1663,35049000014,39
1664,35049000015,19
1665,35049000016,19
1666,35049000017,39
1667,35049000018,19
1668,35049000019,19
1669,35049000020,25
1670,35049000021,25
1671,35049000022,25
1672,35049000023,6
1673,35049000024,24
1674,35049000025,24
1675,35049000026,25
1676,35049000027,25
1677,35049000028,25
1678,35049000029,25
1679,35049000030,25
1680,35049000031,24
1681,35049000032,24
1682,35049000033,24
1683,35049000034,24
1684,35049000035,24
1685,35049000036,25
1686,35049000037,25
1687,35049000038,24
1688,35049000039,24
1689,35049000040,6
1690,35049000041,24
1691,35049000042,24
1692,35049000043,25
1693,35049000044,25
1694,35049000045,25
1695,35049000046,25
1696,35049000047,25
1697,35049000048,25
1698,35049000049,24
1699,35049000050,24
1700,35049000051,24
1701,35049000052,25
1702,35049000053,25
1703,35049000054,25
1704,35049000055,25
1705,35049000056,24
1706,35049000057,25
1707,35049000058,5
1708,35049000059,6
1709,35049000060,6
1710,35049000061,6
1711,35049000062,39
1712,35049000063,25
1713,35049000064,24
1714,35049000065,39
1715,35049000066,24
1716,35049000067,24
1717,35049000068,25
1718,35049000069,25
1719,35049000070,39
1720,35049000071,39
1721,35049000072,39
1722,35049000073,19
1723,35049000074,24
1724,35049000075,24
1725,35049000076,24
1726,35049000077,25
1727,35049000078,24
1728,35049000079,5
1729,35049000080,39
1730,35049000081,25
1731,35049000082,25
1732,35049000083,25
1733,35049000084,19
1734,35049000085,19
1735,35049000086,24
1736,35049000087,6
1737,35049000088,39
1738,35049000089,39
1739,35049000090,25
1740,35049000091,25
1741,35049000092,25
1742,35049000093,39
1743,35049000094,25
1744,35049000095,25
1745,35049000096,25
1746,35049000097,24
1747,35049000098,24
1748,35049000099,24
1749,35049000100,25
1750,35049000101,25
1751,35049000102,25
1752,35049000103,25
1753,35049000104,25
1754,35049000105,24
1755,35049000106,24
1756,35049000107,39
1757,35049000108,24
1758,35049000109,24
1759,35049000110,39
1760,35049000111,39
1761,35049000112,39
1762,35049000113,39
1763,35049000114,39
1764,35049000115,19
1765,35049000116,24
1766,35049000117,25
1767,35049000118,5
1768,35049000119,25
1769,35049000120,25
1770,35049000121,25
1771,35049000122,25
1772,35049000123,25
1773,35049000124,25
1774,35049000125,19
1775,35049000126,39
1776,35049000127,25
1777,35049000128,6
1778,35049000129,25
1779,35049000130,25
1780,35049000131,25
1781,35049000132,25
1782,35049000133,24
1783,35049000134,39
1784,35049000135,24
1785,35049000136,24
1786,35049000137,24
1787,35049000138,24
1788,35049000139,25
1789,35049000140,24
1790,35049000141,24
1791,35049000142,24
1792,35049000143,24
1793,35049000144,24
1794,35049000145,39
1795,35049000146,25
1796,35049000147,25
1797,35049000148,19
1798,35049000149,24
1799,35049000150,39
1800,35049000151,24
1801,35049000152,25
1802,35049000153,25
1803,35049000154,39
1804,35051000001,35
1805,35051000002,35
1806,35051000003,35
1807,35051000004,35
1808,35051000005,35
1809,35051000006,35
1810,35051000007,35
1811,35051000008,35
1812,35051000009,35
1813,35051000010,35
1814,35051000011,35
1815,35051000012,35
1816,35053000001,29
1817,35053000002,29
1818,35053000003,29
1819,35053000004,35
1820,35053000005,35
1821,35053000006,35
1822,35053000007,29
1823,35053000008,29
1824,35053000009,29
1825,35053000010,29
1826,35053000011,35
1827,35053000012,35
1828,35053000013,35
1829,35053000014,35
1830,35053000015,30
1831,35053000016,29
1832,35053000017,29
1833,35053000018,29
1834,35053000019,29
1835,35053000020,29
1836,35053000021,29
1837,35053000022,29
1838,35053000023,29
1839,35053000024,30
1840,35053000025,29
1841,35053000026,35
1842,35053000027,29
1843,35055000001,6
1844,35055000002,6
1845,35055000003,8
1846,35055000004,8
1847,35055000005,6
1848,35055000006,6
1849,35055000007,6
1850,35055000008,6
1851,35055000009,6
1852,35055000010,6
1853,35055000011,6
1854,35055000012,6
1855,35055000013,6
1856,35055000014,6
1857,35055000015,6
1858,35055000016,6
1859,35055000017,6
1860,35055000018,8
1861,35055000019,6
1862,35055000020,6
1863,35055000021,6
1864,35055000022,6
1865,35055000023,6
1866,35055000024,6
1867,35055000025,6
1868,35055000026,6
1869,35055000027,6
1870,35055000028,6
1871,35055000029,6
1872,35055000030,6
1873,35055000031,6
1874,35055000032,6
1875,35055000033,6
1876,35055000034,6
1877,35055000035,6
1878,35055000036,6
1879,35055000037,6
1880,35055000038,6
1881,35055000039,6
1882,35055000040,6
1883,35055000041,6
1884,35055000042,6
1885,35055000043,8
1886,35055000044,6
1887,35055000045,6
1888,35055000046,6
1889,35055000047,6
1890,35057000001,39
1891,35057000002,39
1892,35057000003,39
1893,35057000004,39
1894,35057000005,19
1895,35057000006,19
1896,35057000007,39
1897,35057000008,39
1898,35057000009,39
1899,35057000010,39
1900,35057000011,39
1901,35057000012,39
1902,35057000013,19
1903,35057000014,39
1904,35057000015,19
1905,35057000016,39
1906,35057000017,19
1907,35057000018,19
1908,35057000019,19
1909,35059000001,7
1910,35059000004,7
1911,35059000006,7
1912,35059000007,7
1913,35059000008,7
1914,35059000009,7
1915,35061000001,30
1916,35061000002,29
1917,35061000003,30
1918,35061000004,29
1919,35061000005,29
1920,35061000006,29
1921,35061000007,30
1922,35061000008,29
1923,35061000009,29
1924,35061000010,29
1925,35061000011,29
1926,35061000012,30
1927,35061000013,30
1928,35061000014,29
1929,35061000015,29
1930,35061000016,39
1931,35061000017,30
1932,35061000018,29
1933,35061000019,29
1934,35061000020,29
1935,35061000021,29
1936,35061000022,29
1937,35061000023,30
1938,35061000024,39
1939,35061000025,29
1940,35061000026,29
1941,35061000027,30
1942,35061000028,39
1943,35061000029,29
1944,35061000030,39
1945,35061000031,29
1946,35061000032,29
1947,35061000033,29
1948,35061000034,29
1949,35061000035,29
1950,35061000036,29
1951,35061000037,30
1952,35061000038,39
1953,35061000039,30
1954,35061000040,29
1955,35061000041,30
1956,35061000042,30
1957,35061000043,29
1958,35061000044,30
1959,35061000045,29
1960,35061000046,29
1961,35061000047,39
1962,35061000048,29
1963,35061000049,39
1964,35061000050,39
1965,35061000051,29
1966,35061000052,30
1967,35061000053,29
1968,35061000054,30
1969,35061000055,30
1970,35061000056,39
1971,35061000057,29
1972,35061000058,29
1973,35061000059,29
1974,35061000060,29
1975,35061000061,29
1976,35061000062,29
